Month_Day,2018,2019,2020,2021,2022,2023,2024,2025,2026
01-01,337485,686993,1284272,1244317,1285112,1386941.9314093369,1358868.4106824636,1358310.667355545,1356800.9787324648
01-02,1030556,1920106,985410,1499299,805926,870365.410011166,872856.8856570825,873348.6269846113,873350.1722630812
01-03,1030556,1598395,985410,1115398,1198180,1267312.441654765,1245056.8574286457,1249363.8043934512,1250599.8693686388
01-04,697207,1621244,110652,213313,2054215,1853981.288165104,1859477.9877947737,1858923.2482670727,1859485.2082291048
01-05,1464201,148152,985410,1020265,1198180,1249788.3999616948,1244658.2756818573,1241430.877559732,1239661.1034273244
01-06,1841074,384235,60000,18988,1198180,1142013.837961644,1138957.7276597824,1138266.70752358,1137707.5045982376
01-07,1830587,995967,1308975,557750,1198180,1138557.08973992,1146321.316616164,1145242.034435948,1143974.8669182772
01-08,1159316,665465,985410,1599498,262227,574747.9351780621,558216.7664869863,558518.5906349793,558108.1924242135
01-09,630753,301686,1073901,1941132,782974,753496.5343139567,764957.7288183742,766556.0162709411,766845.1025979209
01-10,1557073,1906228,985410,1001102,2744039,2436195.4026493845,2447977.869104985,2449107.8490957096,2449680.0738471537
01-11,1030556,1969674,1564611,1001102,1662263,1305542.9728786922,1341866.8235238586,1344457.5649574008,1345664.3785917812
01-12,263069,389311,711530,135143,1467857,1426720.268502024,1430624.5804719406,1431189.2131534766,1432426.1763062226
01-13,1030556,995967,1772869,470994,1198180,1156613.4064505198,1163629.2728541628,1164322.844144285,1165563.3825525362
01-14,508842,330847,645836,107926,1198180,1328073.611300973,1309068.9277776524,1309708.856649514,1310482.7016470344
01-15,2354455,1319344,83479,564197,447559,489561.7055944842,484561.358773765,485641.5983064766,486790.9253964275
01-16,1030556,661691,985410,824859,1483570,1383617.3612490413,1349222.0805007925,1346780.0798676016,1346806.5600309526
01-17,1354446,86607,780435,359376,262993,432583.73523373925,420487.2723493639,421010.0164379277,421306.52893351694
01-18,629733,628160,985410,1282300,157045,461198.7825777958,456694.8264396311,457443.5284533084,458086.98284116434
01-19,1577791,1494600,603142,1001102,1128200,1283421.5568154529,1295331.6027503463,1293380.6138631045,1293581.164955647
01-20,142694,995967,439939,963493,1198180,1155085.470332777,1158625.8785333545,1160725.236146371,1161316.0731968812
01-21,1030556,1474941,1952793,158840,2101004,1913095.6036866773,1919516.5126435468,1920586.623406658,1920895.437769548
01-22,2527535,1467823,192738,185522,1001912,917930.6401628532,926634.0750912108,927484.8979940558,927822.4934704083
01-23,1030556,142513,1061872,1548146,1129780,1136715.5783551915,1141136.95363696,1142323.0977396253,1142801.2340530865
01-24,1030556,27319,227081,413233,143641,249215.5307681308,237083.21620127943,238720.70918378452,238939.3789422497
01-25,1030556,1222646,985410,319128,1145817,1134926.6188558373,1152710.7143481348,1153663.504920412,1154308.996326977
01-26,1104338,1206472,985410,1001102,1159382,1220458.6272049434,1217948.939330268,1218601.7149184388,1220007.2675322162
01-27,954906,995967,784544,492286,185400,367399.2844161587,382333.5137560629,382838.99855800206,382492.1331570912
01-28,1015526,825453,2632286,396486,1198180,1196816.664653735,1201262.5943751326,1200472.9716768707,1201241.7882106833
01-29,942716,1847598,945094,1962881,153826,311468.12334814353,303527.72368700965,302127.0162938853,301533.33800407837
01-30,784595,150401,87876,493016,1643480,1501068.9624299472,1510913.2701651014,1509302.6169886482,1508446.255600703
01-31,1030556,995967,906574,1001102,1198180,1140049.3697631515,1170855.6419724943,1165893.100598447,1165428.159362516
02-01,789490,1906464,985410,991597,1425002,1509547.8182204743,1463967.9906609664,1459624.3652875298,1458414.779338648
02-02,1425029,52270,159551,54260,1741415,1734713.0567899395,1741334.0217109574,1741930.892426456,1742258.4145386852
02-03,1496304,995967,507431,1001102,1198180,1439381.263289649,1384704.7079976057,1384355.3359811918,1383798.9739317978
02-04,1411179,1249785,985410,1001102,1198180,1131707.156151497,1193710.1787233618,1186047.002969057,1183590.056171963
02-05,1030556,995967,985410,158589,438234,827739.2494970897,771385.9084064194,772812.3618556156,774359.7586824652
02-06,329730,995967,2572838,2331196,1198180,1235473.551187811,1236434.290793555,1236111.4599598043,1235574.913727684
02-07,688557,1476566,934975,977010,1843370,1536867.1194019325,1542330.6363401348,1543252.6188079691,1543745.9855897652
02-08,1030556,995967,985410,1101291,116126,526712.7036859383,525848.6623674793,529826.0714933098,530530.7820633181
02-09,1030556,312548,1268497,1001102,2471658,2062311.2636021208,2068496.8614301025,2069243.7318242025,2068967.4387729368
02-10,1088732,822724,1362825,1018816,478275,522218.9510390424,537032.6791728305,538846.1347401227,539774.4340295003
02-11,601293,132419,314981,1429343,1362634,1228178.9326102857,1243817.978828113,1244663.7060401505,1245362.9442799941
02-12,460360,692093,985410,900457,726187,1008656.5412950604,960137.8348517482,960335.0778091598,960735.993996944
02-13,2398350,2191269,198297,211762,155059,223048.7603825848,226801.3184222176,226667.01754220773,226108.6954070595
02-14,1030556,303587,1049381,1001102,1198180,1311237.2786695303,1263607.816756334,1264245.0465875042,1264078.4229005503
02-15,1030556,995967,985410,2408771,1652443,1369928.0864527936,1368439.6105548842,1370227.0729812898,1371357.817677499
02-16,1093939,2517677,1070399,1001102,1949754,1872899.976115392,1854675.6190677043,1851560.7584939443,1849052.5179580213
02-17,740732,995967,1500949,522482,1013301,1093386.8356843323,1069711.8747906242,1071175.4152190555,1070708.3910879379
02-18,523076,382618,985410,1252606,1198180,1088948.6405796236,1108963.3563816154,1108992.1552711653,1110570.3025167137
02-19,1489902,3008623,1716966,1001102,1198180,1254188.716329102,1248682.3227704533,1248528.9012870332,1248768.0797563961
02-20,1030556,950731,985410,27739,837028,644288.8791583444,673065.9695680198,675885.3555012828,677856.3835314286
02-21,1030556,995967,796524,2229961,243382,473881.1838191303,468061.2620435619,465408.5019068416,464481.94200128166
02-22,101205,1678316,108480,1001102,2049523,1946609.110264015,1953790.7859928585,1953259.9580408612,1952542.428747647
02-23,1099768,995967,985410,1484415,858533,968107.7175701635,975974.725642158,973249.260418781,972874.0680818626
02-24,2467016,995967,470643,1001102,1128715,1215567.826922607,1198883.973932094,1202776.3361654943,1203539.888425884
02-25,168321,239982,3137760,2253089,3460002,3384271.432454979,3380845.1561482563,3380745.443901104,3380373.8416221514
02-26,462624,1528091,985410,49365,150400,196295.4532471929,205048.4152690697,204576.423776921,204882.42666242667
02-27,1030556,2832122,80500,63440,1931645,1952614.653888813,1946390.661753556,1945553.06603937,1945167.4150159964
02-28,2634970,174908,1287027,1530044,1198180,1146777.173635665,1151841.0406641911,1152730.8610092837,1153334.1869990502
02-29,1030556,995967,327600,1001102,1198180,1365297.358963703,1319791.54704407,1319238.0115981996,1322435.4397395072
03-01,1568864,30000,908411,1710320,416566,443195.7563903397,450501.3627448812,449932.65559496975,450004.4348844965
03-02,325350,184674,1692063,2318550,1198180,1224796.733073003,1226291.06761987,1227625.910662275,1228448.8323311426
03-03,1030556,995967,1861632,1716547,2518352,2261484.8554607863,2246342.5671977485,2246658.793064441,2246879.679305152
03-04,851189,244133,985410,1001102,1198180,1231428.048808365,1225168.7515729454,1226742.6703545451,1228187.056491165
03-05,1030556,1455546,985410,516744,1198180,1185989.2466799202,1208975.5417749472,1203603.9068662142,1203824.947488579
03-06,1030556,436210,985410,1001102,1307534,1211646.4369775264,1207381.3494538255,1213963.9833526742,1213515.3665295537
03-07,2081765,2330899,116658,717982,1675220,1697767.725753193,1698666.998040571,1696861.0617639811,1696359.8712575962
03-08,1030556,717189,985410,951038,2272944,1619032.6613824433,1664672.5407447568,1665769.2481945006,1667512.8085169054
03-09,1305558,1255571,985410,864154,392653,641749.4938377832,634798.5225742224,635716.4927096688,634404.3454117564
03-10,163942,995967,1643753,293124,2669379,2369441.898746829,2359035.700547363,2358146.9010928613,2358539.5129624447
03-11,115145,469899,985410,587201,1771864,1601168.9467094394,1610969.6038115777,1611539.5774480356,1610985.5215487718
03-12,510561,3456441,985410,494437,65685,77471.78299875744,75902.24157172046,76542.12737142551,75667.5495597357
03-13,2196313,350224,1229715,40683,135781,189841.51534348424,193883.21540878352,194287.4638249817,194630.53766589542
03-14,1030556,67000,985410,751293,1198180,1249105.5970719506,1218100.264917378,1219218.874149556,1218317.2770506206
03-15,1030556,1200668,1193342,1564704,1198180,1326939.408486172,1309240.4918537743,1305919.3821568068,1304864.3415087163
03-16,1602161,995967,830256,1001102,1198180,1088391.9375695405,1098896.040422122,1102442.042725528,1101613.5862453985
03-17,1030556,76550,2627578,25192,4020098,3938287.0436335113,3936506.157694967,3937059.989742672,3937446.7201578193
03-18,1030556,1727729,155807,259051,1198180,1234230.3302830923,1242911.5319212603,1243248.917129899,1243670.487234304
03-19,1687425,2451760,32520,1001102,3059973,2989704.32849181,2987303.8692206936,2987318.302744769,2987089.7275005854
03-20,1655416,1080785,985410,1690959,179050,236034.5486489114,252902.997241298,252120.13142239768,252644.14013536018
03-21,528260,995967,2705552,1001102,696148,774131.3022369558,776581.5071513047,777788.4401634914,777107.6326814268
03-22,162628,1498038,985410,2188064,1198180,1255723.8733316418,1247549.303949523,1247733.959907563,1248150.5957911238
03-23,1619254,1031149,794277,1001102,814368,740563.6504391155,762312.7977474104,763476.1844892893,764711.1855264581
03-24,1005079,104250,985410,1971625,1198180,1035834.267656002,1071661.9553512735,1070495.9443289596,1070158.9092761262
03-25,598436,515081,1526106,1729813,1198180,1093881.7098709943,1104899.951089647,1107190.701163587,1107522.8713726674
03-26,158036,2629049,1260144,682275,1198180,1261350.4000977592,1258045.4652068869,1257396.2497095375,1257671.319650089
03-27,2837339,39925,723123,199288,3101867,3046411.72750216,3044341.9951855075,3043995.8942196714,3043724.452886385
03-28,253320,2326837,985410,269973,1734929,1542891.6967077502,1548016.347105472,1548637.2914971453,1548452.6298190437
03-29,1030556,1520655,985410,1275836,1124245,1183049.3930990307,1198108.596717864,1195927.0769708238,1194639.5126101233
03-30,2553776,674306,12479,944108,1198180,1225529.3375109192,1220547.159408149,1219861.6472772104,1220227.9254243358
03-31,236370,995967,109450,1001102,1045272,1018309.720833312,1008985.8732332464,1011989.3697102938,1013222.407914506
04-01,1030556,1092037,985410,1622925,1198180,1141374.681513944,1164044.5807417866,1163487.243128535,1162194.1886602424
04-02,711520,1838186,13758,516783,1372254,1428075.80235611,1425432.7432288963,1425568.3656711795,1425181.9284041827
04-03,349977,1833010,1449469,3010,1482300,1402729.7926725503,1394987.492923796,1395721.0744744656,1396365.6667608714
04-04,1030556,995967,505890,2721668,1198180,1271975.6695223197,1280815.7303130815,1276361.9131313595,1274851.7805928253
04-05,1281033,31072,2967374,549966,160327,181000.5169120743,182129.1527743468,182700.92624191972,182659.66430294164
04-06,1330727,2197125,985410,1001102,2018614,1906014.1365052613,1901996.17174842,1902862.303094696,1904605.3084290503
04-07,189976,497448,1800417,1683542,1198180,1250646.433432428,1255675.4543461837,1254095.009601249,1253780.23939658
04-08,276556,995967,104170,1001102,1192210,1038804.1953974754,1080497.6339874703,1076227.4355353946,1075412.5993177835
04-09,86779,185406,207914,328894,1949806,1894000.6755795432,1881170.716557732,1880821.768537604,1881410.0008042937
04-10,45650,1594842,985410,917857,570090,691137.469962073,702328.3033841064,701238.9814419493,700900.2932554386
04-11,1491767,788430,991468,1391931,1198180,1161529.9437867224,1154763.632997695,1156004.4940727467,1156820.1393433507
04-12,2331420,143531,985410,205531,615044,724748.9358828533,731407.2636704715,730045.6059140371,728955.2474781964
04-13,1339065,995967,1278310,814508,1198180,1216471.3715325647,1225606.3005563086,1224096.210873312,1224271.6304873638
04-14,1030556,995967,384607,1001102,1519452,1371390.6345321126,1376212.1208364752,1377436.1911739474,1375726.4537232823
04-15,231700,254730,985410,687977,1198180,1266543.555120346,1253699.456015987,1254614.8483253368,1254966.4452278402
04-16,1426416,2638605,1258045,257374,2634165,2583572.267881288,2580247.2033321047,2578828.914811043,2578349.251596895
04-17,827492,100604,985410,19160,283743,407374.2321012021,401484.0324414426,402027.0203620469,402393.05723020504
04-18,204610,995967,1351086,577931,163541,414365.7965182874,420399.8207293089,418106.3270285259,416213.5797964444
04-19,37276,1167496,985410,1001102,3491295,3204929.955300493,3200229.327070494,3199459.1894134264,3199020.92127679
04-20,1849481,616066,1006134,1139429,1401885,1283310.21705032,1287024.2312314387,1287331.882984215,1287584.738765049
04-21,1030556,66000,328831,2110869,1050181,1100859.9355391166,1106941.7456735717,1108332.8587799403,1108542.3929309095
04-22,683531,405199,44367,550225,1198180,1176754.049411235,1169759.002360374,1170111.7822985495,1170472.5342250501
04-23,1677626,1434860,985410,681433,221970,427074.002847234,410534.6215129858,412277.48210740567,413039.0838603495
04-24,879540,690751,985410,282935,1267286,1211278.9468788048,1218676.33833195,1217218.4926390492,1214737.3073129405
04-25,18000,445393,985410,1001102,1198180,1269817.4774267394,1263650.1307433357,1264266.6279852367,1263792.0397393317
04-26,1030556,1034416,3791522,1303232,539478,607196.8812521584,616959.1956774171,615515.7291363473,615296.6179903883
04-27,425729,995967,807485,1219717,477336,644071.926609761,637202.3361395161,639486.5480411709,639637.9391568465
04-28,353346,995967,985410,292517,843429,878466.2753804276,882362.5363914253,880961.7535810817,880220.9869845582
04-29,1492435,1970252,2068891,1001102,1527271,1629041.2474195191,1614787.4373126798,1611702.1714180028,1609763.1033324462
04-30,1794152,2101064,985410,1238210,1037837,1093914.876285065,1088623.4330404974,1087703.3948219875,1087365.110876604
05-01,986364,995967,985410,1001102,66795,640063.6601944821,626168.7353299619,625565.59566997,625657.3626557864
05-02,1030556,1015588,2110999,1001102,2361155,1965805.3101230776,1973451.6791448048,1975187.7392964992,1975521.04839629
05-03,893405,1277713,1300098,1001102,2183113,1991583.5498061809,1976543.297060008,1975834.312918484,1977096.216740158
05-04,1030556,2828337,985410,228621,1811580,1727586.4959891832,1730239.0954059325,1733436.593486751,1734853.1820466097
05-05,101725,391165,2064058,1001102,608008,682103.0388576546,690346.7039732614,690905.9916303396,691614.7452323217
05-06,1165063,1031023,2700232,1250466,762558,794293.3652298952,784546.2880771474,785145.1491131573,785760.2746641629
05-07,1030556,533203,102836,332753,1198180,1254174.0019001735,1225069.9837788374,1229103.620749779,1230131.8024753626
05-08,446726,1389275,1504014,15876,250165,324418.2359335429,324992.3894115857,324765.34024089144,324187.01972681493
05-09,1226065,2524884,236003,2124476,1198180,1169514.223753868,1183054.6578070538,1185086.1998179408,1185432.4346160484
05-10,556401,995967,139570,2700007,2708486,2552345.709251144,2557699.0729476325,2556723.380320644,2556247.117656721
05-11,1679491,1805895,991281,346950,1198180,1130417.940401705,1139481.229171463,1140137.809149521,1140645.857213956
05-12,344526,995967,1783359,1001102,501138,809761.5702620356,776145.0767466992,774608.2845252107,774180.7983001377
05-13,1030556,1205260,985410,1001102,1198180,1351143.501285097,1256794.2288077392,1266474.7654151917,1270654.468415446
05-14,1635511,1689095,985410,1103407,100686,198031.1227800772,192398.30601596905,193306.6990305516,192902.9410502708
05-15,1457846,72452,80000,1001102,2582503,2478143.367736001,2467144.798579888,2465858.8024439653,2466091.9699090794
05-16,1030556,15000,1536693,2389491,1710925,1661196.0057927114,1657128.4155716477,1654993.09844363,1654517.6346816164
05-17,1030556,424325,985410,1001102,1198180,1199754.830577328,1213049.6582976407,1205253.8547261974,1204814.543312929
05-18,618354,1035713,1618502,1001102,335345,476807.2497843718,495430.7109391703,494487.4997994732,494629.8145706599
05-19,1724855,995967,1700775,980163,1198180,1154340.072223812,1144599.2222134953,1146016.0577847734,1146783.95817118
05-20,32977,1269085,985410,502782,1172228,1223263.9462511286,1222596.773905435,1223373.982543193,1223442.1032511005
05-21,1152978,1797842,766116,797311,329540,302308.6274753625,310699.0227323675,313426.27519680886,314627.1258776153
05-22,1569985,324857,1932343,1001102,2225042,2240727.192290683,2225327.775003461,2223155.332093987,2222232.0664399723
05-23,224529,995967,985410,160463,641067,693906.2549164677,692077.861223133,695968.5032989427,695996.1422395422
05-24,1030556,2000530,985410,1709501,328220,450745.755622745,441099.5855765798,443578.1383138773,445087.6491235816
05-25,1030556,47878,1354063,410375,273731,432526.6501002769,436114.0499095764,433304.5050043297,431939.8487719485
05-26,2481189,995967,1144446,1001102,179127,460039.65380706254,449361.5573213062,449523.4864934215,449439.2766022732
05-27,2591526,1505501,985410,1001102,1730231,1657748.635203674,1654801.7120255025,1652786.681240759,1650704.4947981779
05-28,1030556,1827491,318615,1636455,1198180,1204325.9658455264,1216822.7500693293,1217231.2402081955,1218451.3113997688
05-29,1030556,860585,985410,2204343,1198180,950075.2118870406,988179.7255158254,992206.2486219578,995036.9705943472
05-30,1286324,995967,153876,1305059,5734111,5335881.784866799,5329224.17577586,5327801.997605376,5327062.069020871
05-31,421774,1792161,1343077,1001102,816859,744355.6539996502,757090.9434637886,758628.6452745257,758925.7766847
06-01,703570,995967,908810,558130,1198180,1135710.1212997816,1105929.9927471897,1113999.1028392864,1117108.3292995759
06-02,2787360,53877,102000,678089,1198180,1135982.0539215775,1142196.518205666,1142134.4799698356,1142562.905271717
06-03,2401072,995967,924133,649070,1198180,1090248.7371309854,1106797.8351294145,1106117.8912616,1106909.7660258953
06-04,1627907,43000,233917,880693,732844,793485.3375041881,792091.9139049735,790002.5254948772,789266.9868690992
06-05,1030556,145803,1311267,1795806,1474452,1417628.060072282,1412711.1460163856,1412705.6892631913,1413363.970070454
06-06,534235,397894,807514,611210,666718,655645.7295385706,686723.6157002188,686945.7742772535,688112.5878133159
06-07,1360307,10374,328430,1213845,1198180,1267999.6546979526,1271125.9399363587,1271766.8944867186,1272331.127564854
06-08,3598011,1593326,928276,1001102,2919146,2876414.88091598,2870149.9934694143,2870110.4672025423,2870471.8619826958
06-09,1030556,826587,985410,445759,1198180,1139667.3178684055,1147558.9237505775,1152471.632045654,1150914.97011182
06-10,806997,33113,1239409,224683,2610859,2463081.0780896554,2464617.554431056,2465547.708284531,2465680.230875212
06-11,1590813,105504,985410,196783,1060373,1124890.8155316496,1109776.3414180845,1110728.7804748225,1112047.4309622596
06-12,4835,916661,174263,1470461,33434,73755.27380618267,78827.73971352493,78439.46068002633,78377.37292969576
06-13,825046,995967,1735664,1001102,1198180,1041913.2452959002,1066531.8299926864,1072339.7057215355,1072330.5789396937
06-14,1030556,482812,985410,534095,2993596,2576647.435936159,2557759.12355345,2554963.1869581845,2555466.598444206
06-15,1280016,1730771,1899715,911277,816956,897288.8334423933,904030.5594769176,905022.213809273,905138.8527416366
06-16,154873,995967,985410,432767,102566,347192.9765575442,363207.6910883751,362483.1011093484,363832.89699710265
06-17,1030556,262391,37940,1062607,371839,387405.0367014488,397735.83422659896,398654.1296565861,399559.9660446927
06-18,376422,2339132,2215330,1309072,277098,354633.1533023075,359717.3829386515,360184.88441295736,360654.759743994
06-19,2258137,86988,985410,1001102,1198180,1037653.939283606,1061257.4465994674,1065381.0613263175,1064674.1849886486
06-20,206230,1123371,985410,1330509,2908700,2722416.9490082148,2716147.026941291,2715656.1069306456,2716068.23698383
06-21,1030556,525424,106262,1461574,475899,677367.1392888656,669569.4838979135,668452.4635812425,667360.5728337567
06-22,1587242,995967,1144069,1103883,583735,565538.9555418317,584204.5294743008,585992.2400774467,587391.0035128264
06-23,138000,995967,2170126,1367994,2111541,1975698.030943672,1987929.7384080407,1987681.491351532,1987681.5334376362
06-24,672380,1915380,625379,156025,1946630,1861561.3477698013,1857902.689201482,1856122.8009696845,1854828.6182459123
06-25,580927,2079863,985410,390298,1198180,1054905.1926883212,1080303.114223534,1080568.8025604018,1080789.2220526424
06-26,1522914,254017,985410,1001102,2068514,1740448.6570410265,1789422.0860318406,1794194.045546882,1795131.843999263
06-27,354151,668400,338816,794999,1198180,1031271.597646276,1063215.718380851,1063388.608927901,1062024.7100304235
06-28,729882,2358632,985410,1001102,1198180,1293258.8481451022,1271789.11035771,1270083.070401557,1269680.800631673
06-29,1030556,995967,1601478,1308869,1118273,1201186.1998809548,1160970.5734069382,1164869.15500509,1165892.0729145915
06-30,491886,185672,1084148,1994199,545951,686523.3009140968,675829.6105747686,673954.8578068791,674339.3176516122
07-01,1030556,266878,1481618,341190,1986833,1825310.646784408,1833642.472396856,1834107.3947456328,1832986.013679793
07-02,343929,995967,1063588,1519759,2386754,2046249.704025695,2058586.8384161647,2060185.170212685,2060695.9155819635
07-03,721862,995967,985410,753561,287116,526447.3328506608,544744.8493095657,543606.6163896708,543942.3577396506
07-04,635614,162940,223800,120809,1198180,1289453.9388752591,1284800.5408022637,1284197.7826212822,1283676.5852385114
07-05,1849462,1216573,985410,1001102,1572461,1408691.4983767285,1405750.8607818345,1406650.214644048,1407169.433329418
07-06,410929,1877885,470811,1001102,348147,469873.2048711538,476007.6673848755,473437.2030008121,472805.4085185905
07-07,1030556,517177,772192,644112,1198180,1125165.26400722,1148819.8065863946,1148141.3223372386,1148034.1580060306
07-08,2271569,2634044,1191553,2014225,1198180,1212940.517131267,1206476.3221531033,1205815.423996474,1205507.0923275766
07-09,1466534,995967,2505064,2875213,205556,250369.4703025025,245235.573980766,246592.31940099585,247521.80591670726
07-10,853516,1753099,1199043,1001102,2504648,2136855.644688872,2142536.310868123,2143106.97897273,2142869.9286503606
07-11,265174,995967,241137,312693,7169,279173.2742927585,272121.9272708914,270759.05260122893,270061.40008596436
07-12,2101044,995967,985410,1001102,3012812,2547101.78318028,2553059.413330221,2554876.0170983514,2555090.3756103795
07-13,1030556,995967,975980,795646,441931,646307.4176120904,674751.0313649165,669644.5426368349,667328.3439296996
07-14,890793,995967,1963444,1877828,1198180,1359705.599534358,1334949.2182884144,1331794.7494279896,1330648.8943112115
07-15,1384564,1245311,31752,1107547,26000,119383.9033025778,112322.5837814589,112852.8461505177,112660.67852713983
07-16,271203,1461359,705290,1001102,1198180,1323814.9710221223,1300896.0994114506,1302454.6403217658,1303819.5236776194
07-17,2128496,557998,985410,737021,1023180,1078146.9106306343,1071402.6507990514,1070240.219020759,1071001.1480571625
07-18,1030556,1149233,985410,106877,1322027,1134680.0555095796,1162334.0789005207,1161688.438134727,1161299.1850991037
07-19,1030556,1996587,985410,606083,579959,709040.6299063622,707187.7157704907,709133.7254471787,710287.4453193783
07-20,2087643,110000,415950,2777052,1556266,1508113.8305790157,1499927.6683339663,1500198.612098203,1499821.7002321365
07-21,300786,948107,2623328,19200,1344181,1397661.3178814936,1393156.0155783591,1391864.5065699322,1391247.9218984835
07-22,1030556,390052,3059067,91510,48260,133714.54125425522,139364.18184414948,140206.6000340802,140536.1901431433
07-23,794480,14000,116627,1358221,1479618,1411901.3821565327,1407631.8424573778,1408505.0664902278,1408055.9803228276
07-24,1065470,474624,985410,91875,1198180,1290746.3838019876,1262015.7067425714,1263794.6556486636,1264710.204309893
07-25,1427245,2541134,1378481,1224813,1720431,1674602.1119537456,1670993.5649195688,1673402.7202760968,1674710.6929109823
07-26,1030556,995967,985410,161947,1044105,893920.855128782,948811.9797310692,947518.2132643362,946942.1549231047
07-27,15000,552862,195342,1007219,1071306,922661.6685683368,931525.0961028415,933343.913628396,934199.1995382415
07-28,1030556,740463,1247923,302473,1198180,1314802.8172106538,1299139.5526763462,1294625.5748219206,1294167.1152140158
07-29,1595899,148413,145581,2405621,116000,199134.2927725535,193707.6755833456,194517.9601503909,194786.69455617515
07-30,181298,1516868,403387,1001102,1509348,1412665.6730810655,1425661.88847406,1428827.7759793836,1429570.6772029586
07-31,1842774,1790659,786211,72050,46424,2933.4512687881943,2400.2946316914167,2898.2436880671885,3440.883854982676
08-01,1504137,1939840,132474,613200,1292425,1324179.363217566,1328307.1151653733,1329709.6746012885,1330393.4912059212
08-02,494192,248142,985410,153552,2701790,2401467.3917079,2413814.879210149,2415557.3506850493,2414802.6475659907
08-03,1030556,1688033,985410,1053242,518301,642352.1025360019,681262.4078870945,676718.6344994234,676355.4081445088
08-04,1030556,350293,452949,31752,1198180,1163429.0086932946,1164036.2840439058,1165249.1416857615,1165107.6067219868
08-05,1512319,1592203,985410,87319,73927,245279.790373978,239203.8915232391,238927.35401153017,239044.6162065158
08-06,50991,995967,1715022,1258893,1304588,1370461.3988562808,1365176.1377523025,1364559.8452659592,1363849.4792967036
08-07,1141053,1744126,1327088,1001102,794796,858352.8360976619,855794.3900928069,857682.6339725053,857080.1908422501
08-08,249906,995967,1805132,694112,1982668,1828368.7140355683,1840152.566584271,1840747.240840491,1840327.643319034
08-09,203621,646170,736976,1001102,1262948,1168189.0478820354,1185768.773409969,1186527.0215650324,1186991.4975633305
08-10,183259,2136348,1312861,83000,1198180,1132575.9346472784,1143129.7132867377,1142081.4463105467,1141406.9630408192
08-11,1030556,1360447,2079704,154181,1589140,1669903.1912276233,1652068.711065333,1651704.9106788551,1651900.2392052982
08-12,1030556,918005,149043,1001102,130337,460282.3043216313,472252.2731965283,467969.7544651588,465306.75593209744
08-13,250651,995967,1686456,1001102,1198180,1154385.4257658937,1167035.8961602638,1164129.087954417,1164488.8016649182
08-14,2809531,1562233,985410,374371,1397685,1467262.9478929015,1455237.2606713567,1453924.227145315,1454265.6309559147
08-15,182762,995967,81425,2250345,109140,175904.3474647306,181009.55179500533,180819.25376757828,180521.2491423043
08-16,1030556,2008845,1563185,254785,1000240,1266546.720426241,1239238.604864163,1237747.4542927209,1236460.6438197065
08-17,1490020,995967,985410,542978,2591653,2117546.284027396,2124883.4611350005,2126136.801899732,2124707.4842885733
08-18,1030556,167724,309225,1232847,1198180,1422181.1094686105,1385466.1088340117,1384255.7920125308,1383356.9040741108
08-19,545365,738924,985410,1767985,535954,669390.2950400615,663874.9363818304,664639.802657364,663606.4386527478
08-20,229054,2152931,985410,263587,245116,476095.7582877663,453728.72442080895,454678.3291713376,456073.7551234185
08-21,144986,109699,2005251,1421332,1198180,1214298.6970928877,1215498.2980662226,1216881.544646687,1216493.612196218
08-22,105200,870185,1423800,922886,2347883,2140658.5995258964,2133283.454283974,2132378.265992426,2131668.6625847192
08-23,11532,2581136,445413,1001102,934059,986531.7884909484,982239.4700238043,981371.6003877196,980958.2044084595
08-24,1030556,995967,693932,323155,1767938,1489176.1304182124,1498398.6064374633,1499578.0552849271,1499102.8139645287
08-25,836328,266229,985410,799402,692267,967733.2674964163,956870.0178212558,952136.1446652156,949816.0849731425
08-26,78000,90277,789389,323623,1198180,1176479.677575744,1189145.771695291,1187691.2581391796,1187337.8098526124
08-27,983630,995967,46182,1001102,221047,370388.1036236292,384286.79368477233,385610.0845008276,385978.9896627418
08-28,787922,2088198,1517943,184925,1639211,1523181.6072781784,1519450.6673603998,1520463.2269496252,1520962.3494306733
08-29,113473,1371241,985410,1687704,1198180,1418831.1396106477,1392506.0708479774,1393357.133855043,1394154.9652821063
08-30,1030556,1721775,274471,1001102,4243153,3431438.6182443625,3438025.6073311167,3438216.060085716,3437960.012216139
08-31,1581838,813114,2050034,1280352,1198180,1161459.4820956578,1153639.727164921,1154079.2293889706,1154731.4905039128
09-01,835290,995967,985410,1001102,1198180,1088777.1786011031,1137028.080601307,1130272.617801895,1128338.9313272433
09-02,1452479,995967,985410,1001102,1198180,1317850.885785933,1265167.5069407444,1269920.9993405566,1271635.3498816502
09-03,1127602,158098,708148,1222897,1982907,1884905.394937,1880699.4727321544,1881727.26616354,1882151.4698896795
09-04,277265,2602408,985410,801358,1132502,1076425.0752746323,1089999.7596985511,1090713.4281808217,1090129.628715711
09-05,283414,255446,972796,102292,2267886,2178556.72751798,2162209.130874645,2159910.548103954,2159386.708596575
09-06,1353565,995967,1954325,2300934,70083,218415.2872217925,227649.3630237979,226285.7647313153,225122.65391541691
09-07,840629,1857767,2006033,2031956,1694375,1552449.3039184716,1558309.7787111755,1559040.341192892,1559511.8208474736
09-08,108200,995967,985410,1001102,1198180,1309662.565622753,1302364.2988163722,1297087.082052413,1296732.0525965013
09-09,400244,1233784,286188,925660,1198180,1259008.2266286933,1249425.602985083,1251287.412497806,1251880.9437314607
09-10,1917313,90000,985410,926953,678486,807554.3705032282,801627.3176433936,802150.9900645255,803696.5471531656
09-11,1617895,995967,77024,2768970,535008,476082.77885890193,469154.7224506071,470066.87362564576,470560.3978307728
09-12,654462,997333,1435168,367064,1145079,1064828.9749149592,1073588.0440775529,1073536.0303368203,1074831.9680746153
09-13,15000,995967,2126695,1262482,556929,609118.2797330428,609705.7124035638,610356.9420628992,610082.973284978
09-14,1007291,1334077,324009,1850005,1198180,1351398.5882259295,1356185.301323532,1352871.8481998614,1351268.7744384464
09-15,572486,701882,2621862,1389161,1198180,1110246.06977142,1125541.142159811,1122714.445440565,1122274.3576517033
09-16,505107,924059,985410,414255,1198180,1113693.9491668127,1116835.548354463,1118392.698985451,1119221.0578852452
09-17,1545056,513579,985410,1001102,1697516,1650412.6029182472,1615842.433724747,1614809.3128373618,1616043.5489902876
09-18,1697822,129518,441025,1001102,1198180,1079518.7847366438,1101519.5889582052,1102241.4849561353,1103831.7082737894
09-19,563507,908119,985410,825057,1759496,1471861.7611493038,1458648.847203301,1461069.1484314916,1463679.5583108615
09-20,1030556,384294,985410,1243506,1562431,1263525.7313850163,1294401.3231829966,1294744.4290641656,1295128.8229083652
09-21,477958,979495,1321452,2961713,938942,928902.7868336636,933312.0294937808,932858.8485691956,933157.6069641588
09-22,316352,709874,2122983,621987,1198180,1257077.0004465168,1256589.2346724444,1256371.5178603574,1255458.395252583
09-23,1030556,853624,414340,1001102,1198180,1073905.1262305586,1115485.390455019,1114043.4098249746,1114302.239267687
09-24,870680,1282206,92743,347056,1502601,1432123.152854474,1429632.6437808918,1430371.4381440158,1431683.7539379238
09-25,3198049,61920,1417076,611149,496917,526666.5554907402,529793.4504504035,529541.0006447845,529309.5659444004
09-26,1030556,995967,985410,1853309,1198180,1273309.8708860946,1231035.0885983575,1237866.3075807923,1238621.234589558
09-27,1030556,1877253,145319,1001102,2449697,2218326.801003171,2209067.6996751823,2211407.7903540744,2211520.921292687
09-28,936500,111977,345467,1336377,1198180,1290591.572410344,1276278.818546102,1276543.6199783953,1277210.7488090277
09-29,2420666,690574,1895615,2205453,1372961,1368801.1063898215,1374156.3852513814,1374687.0391613627,1375089.4128373011
09-30,38000,1077076,25002,1001102,1198180,1229875.9314157537,1222565.161495237,1222001.1899048924,1221206.413714968
10-01,1378525,995967,462707,1001102,2576140,2113278.829881569,2133440.7230071533,2133581.6607103148,2134029.684335075
10-02,1030556,995967,618867,2051000,1177883,1337213.166475077,1314585.5166641208,1313830.3513524712,1313138.4707010037
10-03,448986,32531,2932800,396127,1198180,1195225.6835366003,1191077.4341914642,1190494.3442195724,1191265.270841909
10-04,2719554,500886,397539,1001102,1347521,1395353.721867302,1389942.6820170074,1388842.420298284,1388230.5289646694
10-05,1030556,1727793,266169,1001102,887222,1349044.5412127618,1300436.945667066,1299859.0265470897,1299416.0349561668
10-06,1030556,534194,219160,140492,1198180,1192048.4441972098,1200724.799410734,1201234.4302990383,1200239.1932383734
10-07,1799338,336087,985410,1113275,253239,243805.65205119023,279507.4830170742,277945.8641785252,277311.92779113876
10-08,92929,577380,496805,2554997,399892,469191.2450764376,473433.8293308017,473624.591413641,473811.98052287963
10-09,754418,995967,985410,1001102,1301113,1042243.7903424884,1111166.0473796297,1106050.1776856657,1105347.9026222376
10-10,406531,995967,1655854,1001102,1040320,978486.3345075484,988442.448407482,989013.2796562124,989492.2374368955
10-11,1030556,995967,502113,1901362,3164532,2616584.268455879,2639618.637163905,2643101.237403641,2644877.501771939
10-12,1545985,1263175,390885,187610,1198180,1115308.5382440423,1135156.2597242366,1136308.2843843163,1135943.7862189664
10-13,1030556,900885,638239,190401,1198180,1259998.0944851206,1247828.4872740817,1247013.1965408702,1246481.7819091857
10-14,959612,2801771,1334916,1294739,1198180,1164953.5306142434,1171008.561834556,1170123.6397577743,1169836.18536475
10-15,1030556,995967,30000,1001102,1198180,996357.2632533412,1029889.340540702,1032806.77051953,1033149.5721275938
10-16,2902543,995967,1465541,117895,1720179,1669169.9995648435,1673566.3310209992,1674628.6012417602,1675429.2804578056
10-17,1030556,995967,985410,1685168,789497,895221.0368820518,891337.620567448,889016.1649384574,888033.4689005287
10-18,372810,1764841,89608,964895,1352002,1408916.7020233418,1410911.1019025666,1408978.2092968067,1408312.8610448395
10-19,467978,995967,1856334,1270703,1968600,1869631.3200098283,1856660.01973314,1857241.3063472384,1858012.241509561
10-20,1030556,337365,985410,1001102,1198180,1226827.435806389,1219341.3080254314,1217684.136265061,1218790.0831815868
10-21,727386,1232607,1384924,1520478,472053,637068.9815067081,617178.4486161193,616844.7290007125,616702.0816735928
10-22,1231810,1442428,985410,109161,323999,403314.5316040196,420340.470501057,417929.3317232034,415929.90784290165
10-23,1882107,154999,81766,702053,692504,750106.0114557558,755889.9254974858,755826.9229857612,754742.5789997801
10-24,1030556,995967,985410,1206527,2678247,2200556.892484378,2201635.87550506,2204873.4443455744,2207603.8386502527
10-25,1030556,1220440,985410,1001102,1764542,1396032.0065641415,1436279.732696643,1430696.4762245573,1429079.638917989
10-26,630233,24000,2728328,1607445,1198180,1155439.5928391386,1148226.0690803984,1148857.80437285,1148538.3432104243
10-27,1489303,984841,1390039,1432875,1198180,1034115.4371432804,1073247.3466006408,1070163.1773531158,1069281.4101147498
10-28,1030556,1331615,985410,28320,49881,220144.9513740989,213686.38672523532,213051.9490960401,212786.46612332284
10-29,2345779,1242249,40033,1001102,1048859,976215.4113262432,982107.9278389376,981105.2308935,981247.8272284612
10-30,1590006,69450,985410,496914,2158821,1950598.59007924,1957528.4300136825,1957088.7613884672,1956567.7339224615
10-31,1030556,995967,167759,2622446,1198180,1297759.7629619169,1283666.7255123714,1286410.3575563931,1287935.3329096825
11-01,1030556,1317508,985410,1163870,2776196,2456784.443485196,2445222.596196228,2442874.896460845,2440658.3448090525
11-02,1030556,911443,1779630,555545,1068819,1150148.8958150318,1154229.4708349237,1152169.378425673,1151460.680381966
11-03,597719,1549416,110237,1001102,1198180,1398772.75254785,1356178.595281524,1356705.0317066563,1356326.2576914178
11-04,1030556,995967,985410,1001102,549580,1135974.5222285588,1057123.5241846228,1055349.9853432002,1052994.0623723774
11-05,685638,995967,856184,2894443,515414,581130.7885741023,585988.9223968163,587156.5762973557,587524.7157641308
11-06,1084752,1895321,289131,749747,749205,818088.5394691004,825078.3591714073,824286.1507799354,824211.5847881059
11-07,476374,249075,301669,1140349,1198180,1272174.81926423,1282646.4752797736,1278765.6481024178,1276913.4820075429
11-08,53000,24000,1826925,215714,1877499,1937088.9382651888,1935535.7582814365,1936273.4599130948,1936707.5689576042
11-09,1823828,313454,985410,548946,631011,769502.5057384507,768188.0574924538,767744.0492162725,767089.5518931481
11-10,776127,798181,985410,738000,735571,825822.505081758,830978.8189971414,832438.3362739293,833408.2052210716
11-11,669810,1769135,1303282,1001102,127226,527150.8422260921,504627.6773152922,504315.32674469496,504190.3606984853
11-12,45000,65554,345699,999768,263172,290469.8077372225,291416.60719183635,291763.9670973368,291972.5128562867
11-13,1030556,1443565,1195712,392751,1321624,1398830.4652844642,1362473.5060177697,1364586.7620351375,1364092.8848410395
11-14,1030556,31000,136145,400150,186143,129025.32358468766,159240.62838510668,159342.56933545705,159901.49975807767
11-15,76884,1911086,1246453,1599285,3334970,3282959.3025683463,3281480.607427966,3282372.7883846154,3283314.2344189105
11-16,1488036,249889,1338890,1885526,1722214,1699417.5896104584,1692724.767741736,1693084.0598238867,1693301.2836250619
11-17,788942,709253,178053,494876,1198180,1263369.5888758705,1243285.9999971658,1244768.7689773685,1245752.1064586567
11-18,1030556,1860922,985410,1001102,55000,349663.5451994458,359835.72464753105,362618.3878008609,362038.77592588856
11-19,1894887,1084605,353904,36316,766455,679381.6765553172,670245.009520094,669599.7726279917,669180.7827762143
11-20,979633,196508,985410,1001102,977132,1092158.411385061,1110663.539400351,1111974.4968104882,1111555.9298087587
11-21,409356,995967,223948,2423678,1451698,1387551.541716377,1384619.1513223494,1385694.6377492086,1386250.6446939774
11-22,1030556,926905,1492144,1415482,63754,433066.9895557428,436642.8904058261,438333.1871821488,439591.54277715017
11-23,982438,995967,740304,1507256,2415260,2095413.1854791644,2072722.609281022,2068779.5461658249,2067552.2533773729
11-24,673080,1367013,985410,1616300,1198180,1017412.0567737768,1067286.2768161136,1066611.9006996164,1066072.2955929358
11-25,1030556,761752,410993,1001102,57765,694336.3184810199,676026.818108028,676525.6860101467,676767.9062528072
11-26,1412139,1072610,1403657,1001102,216931,435767.3252958792,429079.9089645322,428849.2173958148,428426.9243265439
11-27,1894303,402778,985410,1001102,541469,646591.2619042291,670573.9182702242,670195.4532646353,670986.0485119972
11-28,1030556,119302,19200,414573,929854,987741.9368014724,981664.2444343588,980770.8062048,980966.8308488613
11-29,232468,1375245,1182522,1791887,3127228,2937910.0571894804,2941804.612337826,2940690.8961012447,2939632.7373874364
11-30,2113886,15000,1645897,2049082,1025531,1069621.993533491,1061685.5517541482,1060529.1596887545,1059673.5156886284
12-01,1843619,995967,139500,1001102,55305,403428.4917373619,401882.2846821621,401146.94517569325,401269.04292055557
12-02,809940,9000,1553751,110608,643685,677871.1296694364,685679.9086889944,685756.3748465567,686081.1520737585
12-03,694473,2017247,382568,2581756,414578,446971.3657616584,450131.0557186598,449418.4587382899,449003.56400308164
12-04,467960,1795842,985410,1530076,1140472,1041885.8405168324,1053237.4287688977,1056647.1422566778,1056222.1930611792
12-05,1182186,409224,1842527,77185,1573210,1584741.3073475573,1592994.1313496488,1592328.0677944291,1591570.8157433486
12-06,1551718,186283,985410,193758,2006936,2023039.7512304988,2008701.6090109337,2005794.4704621527,2005414.270007793
12-07,1030556,588744,1147598,1001102,1092071,1165372.3914261942,1183243.7737561222,1181058.3937261258,1179607.1233033282
12-08,2085781,899322,257842,451476,1198180,1247011.6189517828,1241621.179676448,1239529.6345953806,1238793.2309046872
12-09,16914,728628,39000,1001102,109718,147547.22689708346,138928.49112260644,139072.59915868938,139511.9519821913
12-10,2070899,995967,406871,4125467,658817,695992.2837206903,695269.0743443093,695490.7250119024,695938.0388645676
12-11,1940027,882100,859360,142092,917003,972002.2881000484,959446.5315738018,958386.4008713476,957513.0733115107
12-12,227062,109222,1728747,1942264,299712,420121.9706481564,423135.6624916213,422924.8786746673,423099.8317823282
12-13,1577389,976204,985410,542694,1198180,1303918.7844260707,1268793.1082173355,1268924.2514575385,1268724.2469362433
12-14,1658727,995967,232187,3466336,383748,361623.9926415749,370903.4142794996,369347.2195978841,368285.39451333997
12-15,1030556,170426,244856,887390,3488779,3046826.841643577,3052783.509962201,3054026.4504298484,3054685.985426817
12-16,1030556,3601666,967871,1001102,54200,124621.89371157042,133190.66406141035,132286.7884878188,133013.8958630329
12-17,1530251,995967,751870,1001102,1157229,1257444.5827125446,1264643.32030388,1260829.320716115,1258291.1869395492
12-18,1765062,285767,985410,1001102,410130,651829.4718062561,619725.9651027214,623393.0006830152,624166.3876499488
12-19,174369,995967,2185577,617646,1363541,1389789.0586552955,1380474.898944173,1381857.7898115236,1382628.3744367799
12-20,1030556,666645,179996,149415,1198180,1151062.1402906345,1176025.645700551,1172249.0527643822,1172020.4277926793
12-21,1241728,511703,391474,1957493,2467849,2383675.26213708,2365492.6628179937,2363537.2829819336,2362718.156571268
12-22,594721,995967,248608,1574834,1198180,1301828.1559665326,1293141.8392496938,1290898.685439186,1289804.8269757326
12-23,1030556,1871252,1462512,1001102,82256,228001.4643585609,249424.3395222131,247712.35887312435,248074.44887266366
12-24,3122642,117747,606878,1224472,1198180,1258901.6252867882,1256985.5705860448,1257115.3924799983,1256672.2973734273
12-25,103044,253650,959254,1004549,1086993,1158054.415928077,1150709.2426003325,1151376.2075307928,1150942.316018014
12-26,1030556,2004698,1433966,1001102,1408096,1191341.248678862,1218699.1483644058,1218978.6246519594,1219278.4653665116
12-27,125924,643626,985410,2648166,1669346,1611026.2984301802,1600171.1066365915,1598440.0020434873,1597125.909716634
12-28,2477337,995967,3430383,1001102,1113987,1048107.5327961482,1053663.511985202,1053133.7238378902,1052592.1954399936
12-29,1030556,392141,985410,966369,278274,766205.1738447058,733250.06520832,731885.8044540859,730926.2082638369
12-30,1030556,1054901,134188,178873,416466,529836.5396144136,526333.2766923961,527537.0180594667,528023.2389220769
12-31,903441,1088381,985410,1001102,1218553,1259296.4804992345,1232674.4344465346,1237645.828263621,1236785.1669577307
