Sail Date.,2015,2016,2017,2018,2019,2020,2021,2022,2023,2024,2025,2026,2027,2028
01-Jan,22131000,3804829,1110169,893507,868434,14693029,8325160,8709432,867874,8325832.733136689,869094.3118500076,8709027.079317024,14692193.50980962,8706249.1822059
02-Jan,16008,523685,6028048,9301854,14205016,9025315,1342462,9365061,0,1341083.0037324447,14206151.922723738,9365239.5057401,9025260.33825851,9367385.212040264
03-Jan,0,9020000,23521654,10418843,5498127,0,8245538,0,5022887,8244666.409557769,5499810.88740668,584.390508598648,0.0,129.3658754741773
04-Jan,5910214,0,3546723,293811,96280,0,46183493,6570413,4104194,46182915.45389691,95854.8390476238,6570177.035214037,316.3004184747115,6570410.021230432
05-Jan,14564232,15876237,2264371,0,0,0,0,0,2472185,300.5642223926261,515.5694984355941,0.0,980.2321091918276,0.0
06-Jan,3026755,3745391,8506858,1376769,0,19847155,3496259,0,13248217,3496661.465884217,0.0,41.69382652826607,19846077.75278917,828.8279569782317
07-Jan,3198240,6943235,4204379,0,6363790,15026460,6188981,0,11257987,6187724.702554032,6363455.604361401,0.0,15029221.177961368,0.0
08-Jan,0,7787539,0,16708809,19703152,4915796,3504250,9227244,10437341,3504698.528721894,19703471.9396548,9227769.797284909,4918593.555062875,9228513.684926985
09-Jan,101756,0,13200000,739640,7716541,0,0,4682718,9539064,1624.9762424463406,7716040.623391209,4683178.553390417,0.0,4684740.648823731
10-Jan,9349651,6009000,1656315,10321555,0,57018,6433,2753941,5298967,5623.947727621533,180.3602633140981,2752522.1988632707,56362.650960635394,2753764.082505757
11-Jan,4817345,25612673,3470365,62047960,3776742,7875360,0,3291983,3172751,924.8483653105797,3777277.567211928,3291825.4117784207,7874729.831421368,3290956.258834125
12-Jan,0,3685063,7857296,6345710,9745685,0,0,391568,0,2163.3138467026874,9745155.295877157,392345.0465749297,2169.28315638192,393010.7160363691
13-Jan,4673743,8826001,6495406,340601,0,12427708,18686976,197246,3993435,18684531.878090136,0.0,197563.73781537544,12427641.85113568,196046.19996978808
14-Jan,7935244,4647919,0,6506655,17415650,8373366,5018574,0,9881351,5018444.22538881,17416403.077911474,518.3916401872411,8372551.37940493,397.85292799957097
15-Jan,22660000,4442152,2676585,11827121,20739889,15806715,13057090,13668233,10325748,13056393.943441557,20740365.47073297,13667975.935622446,15806092.370874835,13668138.661390465
16-Jan,7334201,0,1349776,6754364,522359,166994,0,12080972,2899526,2310.1459606951103,522716.4178001173,12081851.711563122,169917.55547468364,12082124.58545552
17-Jan,0,5117121,18389666,0,4455346,4959926,11605022,1952519,3635155,11604416.269148195,4453775.508632833,1952468.062285304,4962015.237833651,1952012.0980504025
18-Jan,22583927,6721251,2901462,3431,2211965,0,9378910,3650728,412885,9377520.427319389,2210648.2396141924,3649763.5214695777,77.61941269040108,3651150.5567179522
19-Jan,8643290,8438458,7468257,658528,97953,407951,0,4774840,0,0.0,99998.23532806525,4775695.757530187,406167.2889289847,4777743.309760877
20-Jan,8620382,2648757,19182277,0,0,16275260,3690622,30134770,2893272,3690649.2244391777,171.10725248698145,30134993.972332843,16274838.567157049,30135461.941044807
21-Jan,7955000,7634669,0,0,14540235,15984323,13828242,5912556,9309437,13828703.655346736,14539546.52975094,5912855.621335872,15982141.710874127,5912062.240063518
22-Jan,8720557,5209629,0,10594523,17803053,466452,1032651,6447100,10514934,1030446.3191059418,17803807.69529421,6447894.465773115,464031.9542870252,6450734.49480517
23-Jan,4917897,0,5038821,19585745,9308595,7326157,7263975,11149910,2147394,7262710.469994863,9307673.598153356,11152618.508632094,7328814.001324076,11155370.048551712
24-Jan,0,20007000,9510484,0,13544000,4777456,0,3163047,3112548,91.14064237475397,13543302.67345069,3163360.089488431,4778470.982366364,3165645.238411892
25-Jan,4667591,6264908,2306041,0,6100000,23998032,0,10650631,0,0.0,6098613.94758837,10650926.91469143,23997456.4381253,10652435.949088577
26-Jan,5376747,6565602,10280431,7695663,1524801,16411300,43440630,1444888,0,43440492.33514846,1525484.9633677052,1444562.2758263592,16410830.64988996,1443762.3591196956
27-Jan,7781848,4378475,8312937,47707472,7052950,8643528,0,1002140,6344321,0.0,7051948.483559911,1002788.3327958324,8644100.719976071,1004692.4169759797
28-Jan,223055,7447470,0,7667552,13781684,11705253,20784989,0,8341393,20785625.119264483,13780988.654915627,0.0,11704286.130780682,0.0
29-Jan,3572309,0,110575,12255967,5843050,4917312,10323541,11311118,1470556,10321593.332966076,5842443.809275495,11310830.669057552,4916718.892912046,11310398.017546188
30-Jan,4970042,6941403,0,9035891,9350600,2500,0,2475587,544656,0.0,9351352.529974408,2474984.85731588,0.0,2474778.561945085
31-Jan,8525581,0,11024715,0,6314572,11467290,15445260,5328854,5309958,15445835.385269249,6314817.282527366,5329423.634229779,11467390.253230335,5328913.626629593
01-Feb,7150572,574202,6807539,0,2145574,0,5995560,8389685,0,5994473.149010991,2143160.324371977,8389105.020299066,0.0,8389422.25894318
02-Feb,0,13152221,4076356,4609705,147668,0,16037776,0,0,16036950.80213987,148101.8525181301,349.51513756252825,710.3677673805505,0.0
03-Feb,7399001,4087610,1590026,221058,0,24857635,0,0,2081747,0.0,329.27028785739094,403.799284754321,24857873.47731709,0.0
04-Feb,2039703,8185501,0,8327349,22159471,0,6521899,0,8084425,6519610.375250853,22160429.379702657,379.3445057692006,0.0,836.8192688599229
05-Feb,1428131,2027852,14960480,17835988,9709455,17413857,0,2520092,4097507,1058.4580993596464,9708847.251158342,2520041.750722421,17414192.215693835,2519363.6822533538
06-Feb,13450972,0,630319,18492648,14728715,64183,25757680,0,0,25756705.140177336,14728947.44624252,390.3630338869989,63697.20183752198,0.0
07-Feb,3921859,0,6129682,1600209,0,2800,53850,6562519,8875414,52295.1371867042,1448.5903634643182,6561370.896773506,1422.453107917681,6560792.522574119
08-Feb,45286395,8856781,2245169,0,1347316,0,10914709,52812774,2649405,10915180.077328416,1347567.432099132,52812455.2984443,608.6045397371054,52811858.9769935
09-Feb,0,14459479,8959318,79364,74801,0,0,3315298,1301508,0.0,74053.95320309233,3314593.6671475326,0.0,3313432.3060528245
10-Feb,7142179,47471103,6063530,65575,0,8318778,6265128,10941871,6735359,6263679.520812593,0.0,10941601.81627372,8317774.095012919,10942660.541446082
11-Feb,3651519,5952882,0,5218480,5531270,9475846,9393848,4727761,2052169,9397926.700272366,5529881.569947735,4728135.099627606,9478006.558715563,4725003.429004603
12-Feb,0,9024901,7431576,13363127,35323238,11585397,79923,5560334,46122474,80257.20471578836,35323539.87488407,5560467.158521437,11585157.949429888,5561060.655524648
13-Feb,16842890,0,41653,9050660,6733396,359346,8562608,0,4038958,8565226.28583178,6733406.205231546,0.0,359141.67956456635,0.0
14-Feb,7887608,0,6837864,4600000,5543350,0,0,5837954,3627270,0.0,5542315.658162392,5836810.130678374,842.6542497687042,5838222.618609282
15-Feb,17840329,6258292,3808335,7150000,7850200,0,12222436,6730346,3444055,12222315.195346797,7852104.4591046,6732923.583692184,0.0,6732084.214455131
16-Feb,0,5781865,7282450,168970,10558785,81013,16465000,12281361,0,16463318.35000036,10559566.215931,12281686.054568384,81343.90601056721,12279458.07433141
17-Feb,4866029,0,4836131,4546385,0,49348221,8543446,4651007,3140029,8543916.203477519,389.5488579720258,4650451.640970485,49347342.0449976,4651282.039752712
18-Feb,20642546,7393509,0,7440339,3499910,9076401,7161890,11100420,7693102,7162517.070226051,3501278.526223616,11100211.555267671,9075772.320921956,11100989.1155017
19-Feb,873764,8222778,0,11140441,21932490,15367148,0,0,1780229,0.0,21932146.595207635,423.325490385294,15368221.36558811,1324.5875616325065
20-Feb,34778824,0,0,6700936,5696446,0,332975,5860599,2498874,332914.55269793887,5695725.767136035,5859854.484277123,0.0,5860479.840597028
21-Feb,2737342,0,7942342,0,0,5501000,445807,15675988,15682780,447450.2238337882,0.0,15675542.80450073,5500041.477597637,15676732.558647541
22-Feb,15992963,0,3897443,0,41451208,154914,6997696,4375396,4289568,6998079.635569597,41451590.00463766,4374845.399847479,153928.03590341192,4375284.82478334
23-Feb,0,15248855,7582718,40712,7549950,0,8320491,11753246,13540360,8320085.6812836435,7550100.698309674,11752966.157992365,0.0,11753007.33635876
24-Feb,7592251,2776979,5294004,12587202,0,940878,23166660,8347820,0,23167527.12030301,508.7148986971006,8348332.083644142,940465.4399625632,8349650.497085794
25-Feb,2940443,7407849,3117536,1039742,6339908,25620201,293199,11076757,9024750,294235.2822865043,6339612.529148153,11077279.939854063,25620348.256572664,11078095.91319583
26-Feb,297000,7615486,0,3803479,11828580,0,0,5966153,8645446,108.3061876958236,11826915.785674574,5966062.080267213,1184.197787836194,5964344.675944258
27-Feb,8646710,0,56828,10647972,7435426,0,4611096,5264289,6636936,4612893.691010147,7437325.626012613,5266037.622763043,0.0,5262849.354755198
28-Feb,2492767,14000,3030900,7930662,5348498,12689294,7469730,0,6502486,7468385.391917368,5345523.841613124,0.0,12685994.148448773,466.6552636930719
01-Mar,10282049,5257480,2955041,0,1529988,0,6796000,6582468,8704759,6796824.065166276,1531502.332479381,6583993.037404873,2043.011567255482,6586133.774840329
02-Mar,25395000,1957603,2394100,0,0,2300706,4797730,0,0,4797595.202715144,565.3211512416601,495.8602436892688,2299942.049006965,0.0
03-Mar,5742029,4333609,5794189,1175273,0,15262834,17372654,3427473,4099346,17376205.29719799,0.0,3426872.1166178966,15262039.235800194,3427927.1315078717
04-Mar,3611676,0,77630,7350000,7769401,14310459,24732302,0,4633149,24732238.35760174,7769930.00878223,289.18059192504734,14311913.69801864,1592.412903983146
05-Mar,1321795,11858551,0,15057608,17849114,523866,0,40000000,7496866,711.9720579879358,17848475.779131234,39999704.172987424,522865.7215159508,39998937.558088586
06-Mar,0,0,6955185,20456348,0,0,3358634,5662464,7849673,3359592.513404571,511.6180084357038,5662720.070564088,0.0,5663346.119360939
07-Mar,3415058,2873536,0,530420,0,5250223,9415841,4973216,4620295,9416879.28121004,1695.890636253171,4971220.997648809,5246459.019086584,4971993.599802775
08-Mar,11499962,17034032,4516087,5000120,1615278,6089145,0,11353240,1571100,0.0,1615068.0448425943,11352575.795152944,6086908.539038077,11353488.683647908
09-Mar,0,8575718,2524055,126137,0,2063294,5775998,782060,5178187,5778069.647682044,1040.2621109681204,780823.3848736547,2068350.079552792,780111.0921609988
10-Mar,7632717,4835743,40927486,2940812,7885955,11238708,12909330,2213039,4994679,12907986.640850766,7885348.6237581475,2212685.447457602,11238605.888258971,2212279.8137340983
11-Mar,0,6557763,9217913,1875130,12030138,3108832,13310000,9682049,8413010,13308901.620082334,12029712.308602285,9683326.582445648,3111078.754795374,9683783.602819296
12-Mar,1641499,0,0,3166310,15768302,7220103,5688998,6949262,0,5688628.180196788,15767987.175877802,6948899.376624496,7219284.004025737,6950062.687567452
13-Mar,5298666,8054474,3190389,18350955,10253635,0,10072100,40164430,2953171,10071024.018636432,10252806.334763773,40164276.75935709,1061.838478106074,40164142.4080648
14-Mar,0,12714458,2152380,0,7342945,0,7260491,3734000,4244050,7262055.958433354,7344021.564145391,3733792.072481356,0.0,3733196.874781629
15-Mar,3431071,2026206,2170675,11948180,0,162962,3229763,0,23100457,3227932.697106534,0.0,818.9082240816206,163448.65658600815,981.1033759824932
16-Mar,0,2151988,4140558,1083864,216540,25249987,6937640,10526000,4363,6937011.992740213,216868.49648658093,10526600.883908885,25252239.84580148,10527638.491396705
17-Mar,7236120,4548828,4462759,0,0,18065610,189913,7657199,11893872,190309.17957188468,556.6643471736461,7658022.612751028,18064654.885583777,7657687.478377161
18-Mar,0,9480250,5219371,17452000,21839980,3088670,4026633,0,4227691,4027336.9474562895,21839452.40170848,962.19507184159,3087504.5787465773,0.0
19-Mar,962042,34763,7875000,8217789,9503405,0,0,7552217,1827295,0.0,9503962.362778911,7552879.899492279,0.0,7551923.465673055
20-Mar,5963874,28797,23016,13907692,6406867,13791196,7296562,143585,2965151,7295767.55512466,6407174.313040342,144806.70351596177,13792155.353218142,144656.01808871888
21-Mar,2200615,42692,6701726,1011336,0,0,42254,0,14207657,41053.057003018446,201.16408334020525,303.0838781511411,1370.7408665511757,410.28343256004155
22-Mar,5183863,12778308,9077472,8610475,7003930,1282147,10579858,11471813,0,10580298.287678745,7004977.032706281,11472470.239119869,1281704.147314988,11473956.242292501
23-Mar,1775323,3467479,21005685,23288873,3087956,2342987,20815222,374844,8360520,20814567.670503736,3088519.027101316,375779.53240245394,2343350.8494458525,374992.80413563736
24-Mar,5782927,1519628,6102755,8762610,4869420,7875000,320574,4905000,10949304,320977.4498318322,4867432.100470789,4906408.432710624,7874016.73024805,4908391.23373788
25-Mar,0,4663239,0,3731712,0,30843834,10127980,0,12954844,10127111.294885889,417.4363052044064,553.6167014557868,30844342.4215979,646.806402631104
26-Mar,2241319,0,6759812,11555269,13474414,10770418,7223521,14107000,0,7224390.345256318,13473115.229157688,14106065.71784461,10769656.055022191,14105994.522758003
27-Mar,5503275,0,0,8966609,14739111,0,0,15585873,5190870,0.0,14739574.944840122,15586065.611395229,857.6726269545034,15586939.385261439
28-Mar,4221623,2060943,17005141,1384933,13796417,0,722434,0,4165654,723215.2622474311,13796162.836660404,808.4290380766615,1093.1442604335025,0.0
29-Mar,25600406,12674759,6311381,0,0,0,2915211,6596774,5500000,2917007.003246801,0.0,6595465.263177336,0.0,6595860.115341795
30-Mar,0,3293968,5349280,1887874,2194098,5648819,3509329,9799440,10500000,3508476.037813742,2193555.6239653258,9799044.489630423,5646028.911333326,9798148.686973527
31-Mar,7857701,7338563,8852040,2903459,240669,8312918,0,2443644,6465311,0.0,241902.73801637627,2441584.884659992,8316388.7136725215,2441157.688218831
01-Apr,0,8730867,0,6939189,11752133,168135,7962049,0,7478205,7963023.555296608,11753675.522471216,0.0,169139.76075551845,735.9488190738484
02-Apr,10262781,117126,118295,10534258,16908286,7810350,9500000,14411680,5451420,9500635.897447731,16907985.335870862,14412675.32047164,7810659.168506134,14412428.676677808
03-Apr,10471229,0,10288653,16879954,5277327,0,0,2338547,776940,962.674224883318,5277582.297797547,2337535.885779145,1279.8343582078817,2336267.4919477473
04-Apr,4119118,0,6895760,8977110,313400,16827453,3924061,12772865,6189680,3925974.648021121,314598.907880689,12773083.41393216,16827272.006172583,12775038.65449721
05-Apr,0,17922268,3450144,0,2365073,0,2673064,5965643,5115632,2670015.2725198064,2365909.898777516,5964638.001708219,240.5614208811894,5964797.790972705
06-Apr,7123956,30877129,1481847,2226892,0,9667984,8282991,0,0,8282523.01070972,1092.8856015643105,634.6775467079133,9666894.59265148,1656.6468231119215
07-Apr,4569761,13357413,4384319,247336,78712,6443582,25125348,348118,13343185,25126423.98833541,78995.43335328437,348602.56027279235,6443661.194596525,349411.8986242525
08-Apr,0,7558075,0,2174827,6197676,15197123,90954,24611997,10019857,89970.07339822594,6197429.195484434,24610930.53319018,15196631.817321848,24609751.853337668
09-Apr,2684223,4310771,3839870,3981984,13631216,0,7092592,9856182,3848620,7093510.204600134,13631006.353679463,9857354.10610072,0.0,9856661.25116975
10-Apr,9837553,0,3222667,21130363,12362749,5797413,0,12070252,22986936,473.32217010483146,12362561.667286212,12070018.82504184,5797096.079308946,12069527.88122455
11-Apr,3772721,0,12905610,0,0,0,0,0,5425095,959.4902787338942,532.7979477159679,0.0,1237.960457747802,631.6012170743197
12-Apr,40665,14796660,244591,446520,1534845,0,14856557,9527536,0,14857804.33444027,1534252.7137955977,9527755.555530503,2125.133134312928,9528410.258594984
13-Apr,0,3893012,5899287,1128240,0,0,9374434,6030460,0,9373005.130820269,490.845272442326,6030535.2610639455,0.0,6028831.402912038
14-Apr,11800818,6601210,1562839,1144754,14454598,19177718,11537130,2808995,9016423,11538074.684067938,14455778.546767838,2810502.538527179,19179775.570025183,2812181.4008698575
15-Apr,3833314,2143780,10340,12376860,13111348,8514827,1364828,0,6947340,1367140.5043872492,13111862.658779996,404.0759542975575,8514283.717939321,83.90889885369688
16-Apr,4080285,7059950,7509354,11100834,10873680,8526188,4428302,3792692,10734891,4426790.151640432,10870472.114809968,3795090.1880921335,8529620.22385434,3792782.984875357
17-Apr,3964133,0,8024630,8400451,2768885,0,0,0,7387005,0.0,2769386.4338848013,204.28487148042768,0.0,531.7599706798792
18-Apr,3999263,6969255,7054838,1176575,6250810,270090,37991,915027,10404324,39009.674384798855,6251726.834656891,912990.1003138536,270644.8824855853,909037.7052440038
19-Apr,0,3857661,2102867,452266,17568872,0,9056320,15475606,0,9056955.739700912,17568216.17153097,15474940.811698254,372.40495425928384,15476335.720984763
20-Apr,0,6022618,7133422,1561,10867845,9975267,9610839,7590746,15278720,9612671.060181124,10867521.850179644,7590245.045854744,9973991.71951931,7591467.205876269
21-Apr,6198955,3970976,6734510,0,202952,2954908,13365861,6477836,5163834,13368695.739125598,202673.869291964,6478606.16756966,2953689.276576774,6477708.617216373
22-Apr,6893904,2682217,541240,16892031,6995830,4753108,9988358,0,4541272,9987594.469700508,6996265.000810014,141.86725893430412,4752588.070100347,86.2263960186392
23-Apr,18570416,5654586,0,3140927,14555521,0,98720,0,0,98928.95383734256,14555922.676436922,0.0,1517.423076054081,473.28421799093485
24-Apr,11501394,0,585400,8422211,7776422,0,867157,924858,16404708,866618.3615418272,7777669.523818178,923701.9163372582,701.3955802330747,922796.8279005252
25-Apr,1860,25000000,9100113,0,6043279,0,0,7423934,12599960,174.3306913608685,6043193.8641786175,7425184.264007336,628.6592639898881,7424874.566969395
26-Apr,10751870,18619421,0,0,16055969,24412342,2009226,8862782,0,2007707.199530418,16056258.11413397,8862197.39907308,24411331.187494297,8862940.273796812
27-Apr,141987,3990259,6110488,19285698,0,2278409,8521784,0,8955000,8523042.474117525,0.0,0.0,2279768.767213016,0.0
28-Apr,8914017,2401330,11702575,6189235,0,138899,9872572,1789156,902878,9873504.884852557,0.0,1787808.0304812016,137770.9808835052,1789540.1556524727
29-Apr,1157,9428769,1001349,7416,12791069,8586458,0,4666734,5896617,54.26370009034872,12793166.907567594,4666650.548527873,8584564.441723587,4665372.808620655
30-Apr,3289106,2919108,3068096,14811099,9630003,0,104654,3770382,23014418,105062.11835611892,9630600.801651211,3770664.338858616,0.0,3769134.019017655
01-May,13118119,0,7726570,13212177,7845577,0,18641320,407584,2410560,18641961.261418857,7845093.844291718,407770.7410267303,0.0,408565.2620529281
02-May,44467134,3104284,6949290,0,435142,758457,888606,21684966,19066865,887506.6584434304,435279.3659454677,21684651.217321068,758937.0765999667,21684280.974840753
03-May,2634391,13286178,10458068,0,3000,0,2183933,19737332,7441024,2184731.514094852,2855.4922012817115,19737756.02191668,143.16776418220252,19737407.1740492
04-May,9240000,6031815,29148655,2639036,1930543,0,43925,4052961,1329411,45794.20590617415,1930235.836505142,4054486.680827113,0.0,4054880.6725105555
05-May,10308242,6212960,8028760,3800000,1494738,8690332,0,1295851,13750727,0.0,1494365.7238834454,1296250.5644227108,8689619.16586594,1296054.4804025004
06-May,0,8167868,0,0,23756367,8385239,22512619,18054581,5809595,22512228.76845756,23755414.401731696,18054594.812600404,8385314.317540321,18055143.444882326
07-May,10239777,8496000,0,11873046,54800,0,0,808633,0,0.0,54181.871699934825,809607.7592663188,0.0,809083.7204635702
08-May,9075373,44000000,0,13089081,20274156,0,18722271,0,2162453,18722154.390074737,20274509.713652298,0.0,373.4098525373265,630.3144092597067
09-May,4143796,996195,9542348,3017754,10228957,1803932,9175992,1608000,5272063,9175277.415492054,10230161.273974234,1607610.93308515,1799824.179367615,1607840.4165977677
10-May,0,18639602,15000000,0,0,25369,26965400,6437660,3869043,26966162.50847564,662.8117422508076,6437890.738481388,25000.21889010724,6438459.641111774
11-May,8852000,7887640,4120873,4265127,1283674,2362953,145800,0,0,148311.71476643533,1280802.2244317615,1081.6316554537043,2364033.16629756,2847.109215072356
12-May,8686239,3310694,7909923,4927010,104400,7323704,7631446,6544982,5904168,7632489.188789643,104734.50014242716,6544862.631813968,7327234.173549912,6541256.178847356
13-May,5473215,34331314,121076,274512,13126345,0,0,0,4132088,1383.3604299165308,13125108.603228426,1087.3714436395094,1963.7176118390637,294.77309487201273
14-May,5168248,5690868,0,10597716,9012213,0,170261,7992657,9717608,171511.6301548034,9010857.483740784,7991724.478073575,0.0,7989850.015345137
15-May,8905529,173718,24487599,9146930,11436130,8103585,8700772,4353078,1683923,8699871.241595779,11436030.10974146,4353954.258091616,8103497.3881134065,4354486.132288892
16-May,3277649,0,0,5522686,124917,511338,9550660,9964132,5444071,9548422.827948617,124327.60663394725,9964773.6575366,513490.6523769824,9964327.666355606
17-May,48368743,30675001,191968,0,1426470,0,28796966,1420841,5268740,28796940.05361792,1426420.396761489,1420675.348008375,0.0,1420884.962460395
18-May,0,1051801,7725644,1687141,7900,1223076,6750458,0,3451168,6748195.169529456,5123.927778799087,0.0,1222767.6872999752,2068.8013117955998
19-May,10535966,1529763,9080367,1963591,0,10201664,0,0,9863718,2557.754773173481,765.0835165884346,1568.7470831843093,10200093.698880196,2966.9467628579587
20-May,5533506,3322265,0,345946,7345450,0,4111727,6913206,4973246,4112512.269648864,7343192.492698484,6912357.077706925,0.0,6912340.937777974
21-May,3997530,3437896,0,8729764,15520626,0,9785326,4224518,278021,9784293.75579762,15520673.551667938,4226654.840575859,3333.1997158899903,4226323.272385441
22-May,9642828,6361492,3105731,8331188,12089845,3154191,8998730,9311066,3599403,9000620.530145407,12089343.315991748,9309053.461082716,3150512.433230485,9306385.292024052
23-May,0,0,11168358,0,271430,10500160,0,6578720,15084154,0.0,271953.9904106362,6578807.291010029,10500806.104944332,6578550.790450842
24-May,0,10421961,1614018,43650000,7208427,0,10396496,38502,6269808,10396301.170926835,7207238.924764335,39383.35965852812,176.24300278816372,39872.443700691685
25-May,4294628,11389176,11948175,0,0,6305244,6580190,45605697,5500000,6580686.931431361,0.0,45604850.97718836,6305996.852177426,45603932.03239557
26-May,14940363,4612617,8687210,1115964,0,33748327,129128,4259317,27590536,129497.4070828762,149.78875525016338,4259032.934792199,33749102.90865609,4258335.719390323
27-May,9577664,6782197,2407591,445570,13728214,4753740,0,10912212,0,312.00491353310645,13728419.154488925,10912559.665290777,4754510.56463331,10911159.698348809
28-May,8819290,9151825,30500512,1108214,9043688,490471,18001733,6293037,1308446,18001281.448374845,9044194.502131077,6292201.9130730005,490491.4653767469,6292421.764264941
29-May,8728816,0,0,12966417,7941210,11992880,6481268,5298106,4473577,6477617.681238654,7939143.179486826,5297791.498511161,11990781.982328616,5297239.608520415
30-May,7783716,2688470,7964971,16432829,0,0,9298616,10717883,22413910,9298644.520444935,28.66420139092952,10718528.059472444,254.8539691800252,10719117.558767667
31-May,2898061,28399379,0,0,2835081,19015580,0,5575095,2930696,600.6624223748222,2834780.832631292,5574488.903281367,19014980.75266392,5574771.604690476
01-Jun,198000,16078479,0,118046,0,95224,450568,0,0,451141.2677556072,0.0,601.98300457187,94428.40025306772,1399.321515337564
02-Jun,11096584,10641236,10747090,2981456,0,6823240,5333183,0,4188255,5333380.281408825,0.0,957.184601822868,6824543.50498375,2221.6633746540174
03-Jun,7309807,6672226,2603569,23020280,16436425,0,7035424,0,6687679,7035500.147282843,16435934.144585388,0.0,0.0,0.0
04-Jun,2110445,192784,802424,19916162,9298682,0,15740800,9308993,6007061,15741043.431532783,9298252.692752983,9307881.266193485,0.0,9308657.09260024
05-Jun,18020443,0,23314545,0,12475071,4074687,5528500,12402007,13391453,5528532.352373324,12474772.052164497,12402450.69676924,4075318.170317835,12402494.87338125
06-Jun,0,6152643,6918554,4216706,10713186,111600,47168373,1457137,0,47169217.85755802,10712593.193004211,1457568.2890183935,111949.03507748712,1459343.2147622677
07-Jun,0,25690555,9464676,9379587,4297477,0,9971550,0,1402243,9973355.991531435,4296851.862347208,0.0,593.5217432361096,179.70909626223147
08-Jun,553118,2429170,1574903,300061,157640,3426293,13659587,17628078,4137234,13660006.902678251,159368.0183694074,17628533.92971155,3424986.01956926,17627279.18730969
09-Jun,14245835,4982262,13434213,52325570,0,19388177,6255835,0,0,6256343.969665691,436.7422271193937,298.08213417977095,19387671.15304627,548.4623329471797
10-Jun,13426069,192784,0,0,22968645,826650,1005081,10806497,7236289,1005556.873521912,22969259.58080288,10806231.623235326,827703.4295598418,10805408.84300043
11-Jun,7406260,9763568,323296,2909269,0,6478288,6928590,2657799,13121432,6929164.523886126,0.0,2658282.2200628705,6477029.951618912,2656694.690710803
12-Jun,5602509,3595721,6639675,8533102,15131602,0,4123226,9102690,9253810,4125254.9517030097,15132378.412560187,9102487.2076172,764.691557127051,9102960.722589824
13-Jun,35669453,0,7294299,912257,0,3723557,0,7179420,7399379,478.22051354311407,43.39646541234106,7180080.5209399685,3722890.3230299903,7180659.090723872
14-Jun,39835816,18943614,477582,0,12494691,12000000,3030995,7092354,134553,3031318.089003095,12494882.250163412,7092838.561329599,12000161.872188589,7092505.790132957
15-Jun,0,3323966,3489711,0,30094980,7986203,7980367,6267605,4172609,7980043.314354558,30095639.443019822,6266953.810670007,7987448.976731883,6266223.363140548
16-Jun,8529178,0,1572724,737893,16055700,0,142315,221292,6749370,142057.79397688713,16054729.495211571,222953.82854941115,699.6959616718814,223457.684449099
17-Jun,2977007,4322187,8985419,0,5602230,283510,8718225,1792082,0,8719380.382359829,5602699.562108132,1791773.671792077,283045.73143814504,1793045.6747069163
18-Jun,1882639,11557305,8278180,1385965,13865039,882800,0,7346215,48813363,518.520986485295,13864872.087516757,7346098.592336005,883788.4328046106,7346525.940172642
19-Jun,14841647,15366,1227450,15358334,16607017,0,11767056,0,890493,11768105.513628513,16607483.28204221,0.0,72.7739278441295,1715.7479794574901
20-Jun,697049,19526204,2252749,14273456,3031498,6283050,11494277,2520531,9818706,11494572.687161235,3030643.9877178734,2520242.935932395,6282212.15963855,2520982.9184971764
21-Jun,0,10099444,7591851,7876000,1589217,14903190,4042780,3881650,3947611,4040355.441669018,1588564.0220996402,3882770.651161819,14899856.610160597,3884467.5681115733
22-Jun,0,6980196,8775432,0,0,7741857,9410220,794247,11945650,9410394.909149531,1902.343476101756,795048.1457370548,7740689.5495313,796775.9033610625
23-Jun,8733473,327950,1803836,283987,55938,12651682,1190005,8039674,0,1190846.4473619498,55543.90021493193,8039158.991611911,12651770.761989726,8039925.147296331
24-Jun,1515569,0,10068339,1160899,4720263,0,15385434,14720164,28582104,15385788.352130888,4719970.538438549,14719639.731793309,427.26906782388687,14718862.105429819
25-Jun,23838954,8350291,0,14365505,15000559,21722740,2019125,8189799,1349910,2019515.090187492,15000820.75336869,8190150.453646815,21722960.499221288,8189964.43671455
26-Jun,13696987,7323201,11616613,16396190,7108581,6295290,5420431,2369523,6657683,5420052.67740305,7109178.995638925,2370867.048981499,6293535.475580223,2371862.985757162
27-Jun,12981174,4724137,1295224,0,0,12229674,0,0,9881215,0.0,0.0,0.0,12230118.792858254,266.9007425131276
28-Jun,5306348,6411233,3007367,3046047,12155807,0,0,354900,1680074,976.3602783996612,12158470.39021413,354015.93248591945,0.0,356657.0177089656
29-Jun,0,0,6373411,0,0,10218865,5809199,0,0,5809558.1520246295,0.0,0.0,10218451.140227951,0.0
30-Jun,10940971,8560593,10957023,4526775,3579028,8214750,5193269,6234611,8412986,5196217.087429425,3578452.6585478783,6232779.575904604,8211451.646674797,6230599.276625926
01-Jul,4116911,11452551,236911,0,0,6921794,16664381,9780919,5803691,16665579.453842703,522.5138695314527,9781466.790569285,6921886.177484164,9781404.835750528
02-Jul,7280735,99594,5316480,6070490,7509145,10580540,5691543,3446428,10856972,5692218.33970941,7510019.949552002,3444865.998691591,10579593.573056633,3446038.616907528
03-Jul,464455,0,6778694,21750113,19454290,7982816,0,8656507,0,1155.9776704153046,19453831.29122648,8656887.75723806,7983256.6852692515,8655175.432349263
04-Jul,28272332,8613660,5755504,11605737,5946336,0,6646139,0,7115818,6645920.200826926,5946106.70403,1246.4353219559416,0.0,1725.9507866483182
05-Jul,5225000,10191290,0,0,1178930,236102,1485420,4719179,0,1485539.1590632256,1178241.001651803,4719404.053376104,236182.9437565254,4716979.622998236
06-Jul,0,0,2464195,213602,28800,8728000,8125918,3815433,5319177,8124912.44622127,28830.773245476183,3816182.83573262,8727472.435789043,3815332.8949497305
07-Jul,9366868,1246697,42417242,0,22640,3401617,5127179,4040280,7283532,5126860.173943659,23472.18194276467,4039314.037597474,3401716.444053598,4040800.206160561
08-Jul,9279203,8923320,0,3525538,6442187,19614703,0,0,4809108,1838.3077889047563,6444073.515121822,0.0,19615467.670398656,0.0
09-Jul,5630684,538600,5714500,21871830,14516942,6413505,11342555,21803227,7347730,11341304.683261007,14517103.117840491,21802670.386807643,6414256.594946707,21802043.297526367
10-Jul,10388950,44396456,8038071,18899997,8349413,8189980,12384010,4142947,2942276,12385007.8658668,8349275.717203346,4142497.8995181,8189264.243102234,4142093.2323196214
11-Jul,3838504,0,8079387,5508744,558709,42942257,1563436,10993100,3561567,1563941.9803451195,557679.2525078468,10992740.248373276,42940947.45634856,10992006.541517466
12-Jul,25200000,15902328,0,47498200,1369706,41000,0,8935409,5085491,0.0,1369351.6633382598,8935320.219743166,40654.554914938286,8934255.587481286
13-Jul,1302546,2227927,10124626,0,0,10567343,5679212,6926234,12599800,5677096.633619789,0.0,6926093.227542363,10567246.053505816,6924791.883290052
14-Jul,1508000,10404600,0,1657799,0,10177241,4618139,10460000,0,4619261.622385968,794.3678425019607,10457857.337706693,10176087.24648333,10455288.183830567
15-Jul,18717462,11083221,9789221,598519,16291110,7776972,2917720,6137302,14199346,2917025.5324019166,16292586.858458417,6137694.147706335,7777044.088141599,6138603.5761704035
16-Jul,4419092,3391312,4566865,22433866,18008191,7826244,0,0,6464120,469.4885785663501,18009746.086130813,0.0,7825963.193444375,0.0
17-Jul,0,1724936,11995832,22152896,10787608,0,290436,8307274,0,290307.2774597844,10787784.950099796,8306454.185889841,35.46375459060073,8305841.559608909
18-Jul,1944243,8310286,11900526,0,9057951,0,11971524,10591304,46750,11971965.27856673,9059241.97373873,10590340.156402417,0.0,10589419.123797636
19-Jul,9291661,27061681,1330372,0,2204847,1179974,3795052,12020722,15492936,3795273.846509367,2203583.088550331,12020310.263844855,1180960.9912462486,12018465.782622691
20-Jul,11574351,1484615,47567806,2899517,0,0,9207118,1136581,129589,9207766.900911922,509.2555129406974,1137295.651325022,990.189592900686,1136457.9878321616
21-Jul,9058756,4142264,4442000,15000000,0,8904006,5166855,2625720,7295383,5168673.070459273,537.7033989541233,2625726.3878969187,8903135.152443813,2621332.0035943263
22-Jul,216275,11874228,10454651,161671,5354159,12019123,16063000,25484573,9475381,16062434.503372507,5354489.836935828,25484698.997166924,12019099.304093111,25484972.394437958
23-Jul,6855691,10992908,3288838,5212949,7501940,15009560,16078543,3087563,18673864,16077927.083804486,7502583.948952015,3088591.5201489115,15010779.870766558,3089215.3842666787
24-Jul,7275985,0,10766119,12171014,17995409,0,101116,805868,0,100662.12361116242,17995085.541721027,805873.7209631698,0.0,806331.6673688628
25-Jul,0,4487456,9451009,28226649,14899411,9000,4860677,5023573,17530795,4860773.060189547,14899855.548443297,5023048.684720568,7358.85420423001,5022406.485916806
26-Jul,0,7951784,0,0,0,23005400,0,646836,5467339,0.0,0.0,646811.1260202508,23004295.244442724,647283.6323963152
27-Jul,1332827,5219410,10007625,23280,2915972,0,7614072,5499770,483013,7617036.307247789,2916707.022311935,5501354.304912296,0.0,5504231.674294818
28-Jul,11929280,5529792,18557225,102930,4081640,16138219,13637281,0,12792440,13637974.075220278,4080948.307686213,0.0,16137888.33132721,1016.20799130667
29-Jul,5374720,3876442,277538,2679167,242744,7608742,8054351,7653291,4042786,8051926.966775591,240001.9863622561,7655277.949117263,7608713.824317228,7659560.921308091
30-Jul,21812366,0,3268276,4429270,9263669,2130148,0,5350362,0,153.47177997790277,9263497.474482458,5350461.19991917,2131276.3332617087,5351024.469109911
31-Jul,3146000,0,11198639,56819045,24339132,12079053,108790,199088,6419261,108937.57345564384,24339440.234745663,198487.87690521125,12078724.490148555,198889.23619137518
01-Aug,9061698,5157190,0,14984684,5787427,0,4777428,3871220,5315470,4778244.955373051,5789284.166564146,3871463.650482929,4536.2926067253575,3875199.6541780634
02-Aug,0,13020235,9468739,262167,0,4917460,17490,5437619,6291544,20359.998941758648,605.8032726254314,5437765.842940812,4916787.830462368,5435563.287656152
03-Aug,0,4919249,4963269,0,12304399,0,9265145,695390,7344040,9262171.749412823,12303063.753795646,695348.2760047428,293.4078655829653,694209.9855170324
04-Aug,8862693,4174369,9692730,1540830,0,8762928,0,0,6731550,0.0,0.0,440.2389860181138,8762263.213303514,869.45690757595
05-Aug,17041577,20068685,0,2324929,21558430,0,341461,7611249,8756537,341621.10297162645,21558707.89721616,7611361.403213698,0.0,7611039.459150423
06-Aug,5176616,30172,2522223,13699468,9559819,4727058,7880958,10853651,2423961,7883166.339927787,9562465.371898271,10851642.04859138,4724068.491148889,10849433.712708883
07-Aug,8234400,0,11161214,14485663,13742590,21415009,0,7540838,1437103,0.0,13742905.846205108,7541168.931255627,21414286.009117976,7541297.2724919915
08-Aug,0,4242121,0,7105350,0,12012685,3857432,20160730,3163628,3857844.827158118,92.10237330384552,20160333.49693873,12013382.61918912,20160014.832739677
09-Aug,142794,13175575,8897377,13322104,0,9005210,0,6708169,7875000,0.0,108.13787626940756,6708520.572232397,9004251.713957023,6710177.077416643
10-Aug,37294000,37074899,14822592,0,2074081,17009250,6902010,0,415552,6901418.288495503,2073770.14799542,0.0,17009497.642388552,0.0
11-Aug,14108921,6137668,8456249,1240362,37759,13938543,2425581,4998893,0,2426264.861702579,36048.19531292934,4997771.130248977,13940974.088254258,4999181.289771052
12-Aug,10666850,10338098,2668708,1852822,9533606,3000,2122819,51287638,4510585,2122268.9370705327,9533559.151100133,51288262.94997979,3737.053626424633,51288767.46130055
13-Aug,2319204,10537575,5002161,9594678,0,8554198,0,6112810,14618690,555.2168253790587,41.28909154608846,6112080.0450567575,8555075.004320111,6111097.071972789
14-Aug,3720260,26765817,3093461,22302821,12595636,1410200,5706351,5001620,8326886,5704836.577202538,12595796.17737008,5002190.583360059,1411163.6134475265,5003265.009904642
15-Aug,2358835,2905899,3564308,5750565,0,8368382,5465567,50688,3708581,5466942.579202422,1311.5605984833091,50875.3346460443,8368754.698679813,53816.72829145659
16-Aug,8212172,10259136,3024760,0,17358945,9762844,1445566,4398451,9665184,1445674.998916797,17357332.274638906,4399066.536274943,9765689.228438934,4398187.715694053
17-Aug,36271046,3140776,7195844,554101,5510270,8980460,0,5771511,1385247,1858.8606716888023,5508831.695355464,5770786.981231771,8979452.430015843,5772228.499412942
18-Aug,9828643,4248622,10600700,0,1070,0,10445197,4512209,6338640,10442427.05286453,0.0,4513133.443293685,2450.086666179821,4512445.66874825
19-Aug,7344928,8169538,717185,9819569,8484854,0,7324238,7288788,0,7326425.005742591,8483685.603014842,7289218.318328688,4429.314399458468,7287686.4000325
20-Aug,2460284,9867448,32801978,17557100,50950,9531066,0,0,11410265,84.44383947271854,51265.90611596219,0.0,9530819.504487405,646.7968492368236
21-Aug,3694765,0,9301648,21541719,4086291,8827783,9159437,0,815513,9157639.39804366,4084596.098741175,282.2288175644353,8827626.043278195,428.13284120708704
22-Aug,1432260,3415142,8974146,6957576,13412346,13524077,6099892,23884,8093688,6101748.137071246,13413449.215895947,23655.68093283195,13523645.323202103,25554.718298192136
23-Aug,1585076,12739317,0,0,9551423,156181,0,7516665,14923916,0.0,9551779.907236047,7516160.014538441,155976.5827977853,7516781.065990893
24-Aug,10464536,2377908,8042964,1500478,0,12704853,14860706,5204816,1580209,14858466.335151674,1168.957969517447,5204569.19653421,12704772.681916911,5202774.07664505
25-Aug,6681059,3659061,1633483,20642,106270,0,2979621,0,15173355,2982026.2495954144,106897.79928483348,0.0,0.0,0.0
26-Aug,13667363,7139421,41146433,0,0,6115661,341300,0,6676952,341690.52807222586,0.0,428.8590686172247,6115481.929377345,0.0
27-Aug,3627673,20089850,4698962,0,42157000,43491527,0,10903642,1037755,0.0,42157428.37293275,10903166.140775234,43491286.0745493,10902788.01416377
28-Aug,4742320,5289364,4143876,16887307,134930,5263893,3268417,0,4106768,3266577.7688764688,135858.1838566875,0.0,5264503.933648944,1363.2574935117736
29-Aug,1363844,15524576,4192390,6668187,14861702,0,6660976,0,0,6661150.066767407,14863354.3051728,0.0,0.0,0.0
30-Aug,6746169,3600000,8509958,0,3603166,6169764,405372,4605166,3454480,402281.1412739856,3606539.667156935,4607179.398215408,6169322.228807951,4605853.7444998715
31-Aug,0,12087224,0,1183093,4134786,11617274,9980707,22931769,17774000,9981364.267088313,4134608.638381768,22931545.10040126,11616831.16533818,22930958.4496989
01-Sep,25765698,3056490,0,3000,0,5200,3968102,289329,0,3968422.130910842,0.0,289189.160296632,6988.2760062860325,288624.24705907237
02-Sep,0,5390342,9984384,710997,6991156,15739660,8525018,0,20809967,8525767.758363923,6992187.249093011,853.9964680299163,15739194.989164043,0.0
03-Sep,4008485,5868954,13620109,31335530,62448,10300037,17880424,14646441,0,17880086.65900202,62770.61627379805,14646949.40420456,10299026.475104738,14647417.708502732
04-Sep,1501253,159818,5632254,0,2677175,4101525,1041780,4962179,1125217,1040640.1370448982,2675283.2265275684,4961730.509675857,4106183.645176795,4959879.346641596
05-Sep,10451622,3660363,0,8608839,20088156,300736,6123058,73688,879015,6123534.831698826,20086545.862195943,74279.10470827296,299778.7605656525,73014.60898641217
06-Sep,4232726,3916686,141170,0,14865779,0,1523321,3551673,6662883,1521101.7935090857,14867021.38595706,3549672.878020609,0.0,3550049.584581075
07-Sep,5938875,2517922,0,1887519,0,9694900,12158762,4690239,9460438,12157549.854073329,0.0,4689112.477798751,9696249.522681816,4690999.528541446
08-Sep,6938877,5075260,19886910,340036,164563,0,0,0,0,461.7301328592002,164225.90345274284,0.0,162.60123688727617,0.0
09-Sep,19275505,9121322,119932,7005375,17859567,20757804,2254643,6280162,10408369,2255109.3423073874,17858054.92495594,6280201.954742896,20758216.98243872,6279280.431010654
10-Sep,3103992,0,9469267,1598446,0,11171164,1901237,2920463,6130439,1899484.6991220573,242.4542382908985,2920797.053741157,11173566.03301918,2918953.2689261762
11-Sep,6336520,28366913,3331655,16482876,4650384,0,10081754,4653053,5357779,10081127.619271656,4650603.4940345865,4653856.5654685125,0.0,4653034.129793936
12-Sep,0,3267896,38419883,3289168,7973707,754420,3153582,0,5992247,3154978.387097321,7973629.011965713,0.0,753989.0474822856,138.63247831072658
13-Sep,37474541,4219824,0,7495000,0,23833131,0,2185993,1389866,558.5283131245524,246.9946052553132,2186072.343604428,23832722.40864484,2185751.800477452
14-Sep,0,20321563,8744842,20052,9037399,7366888,7472209,5226090,0,7472635.617347958,9035557.205068056,5225527.8005573,7368004.299289182,5224758.443988658
15-Sep,18185010,5047066,0,5173234,8229242,0,0,0,14829921,0.0,8227856.95312744,1617.3452316215262,2060.968145017512,2045.9766541197896
16-Sep,780977,83700,1267642,2578430,5452087,0,710129,5773770,8201994,709874.8436850002,5452209.596285103,5774439.055967975,1580.0968707371503,5772942.712100558
17-Sep,5848251,361943,6835141,10272056,2900,7377900,9019900,14099755,0,9021016.122547746,3337.775505380705,14098217.31537199,7379170.277365553,14096556.328685524
18-Sep,3848089,0,3102602,0,3445402,10116472,0,14501000,3229607,313.82239529583603,3445865.0509942137,14500707.242859686,10116071.090489162,14497898.860332334
19-Sep,13455764,4071086,20721811,21883464,23914650,0,3206708,5055215,8368315,3207070.6636191807,23913879.391732182,5055663.170584501,0.0,5055693.804489199
20-Sep,0,7769384,0,0,12014078,9567827,46386461,10213103,8664443,46386282.43231618,12015115.653949486,10212603.601400392,9567255.683404392,10211868.293762675
21-Sep,0,7377954,9305279,3056168,0,2381939,6041599,4767020,41900000,6040803.355879613,0.0,4766543.14670039,2381765.7316796808,4767722.56572395
22-Sep,12476042,7444254,47254,15734840,7980498,32069682,2922483,0,0,2922820.939028744,7980446.828838176,0.0,32068981.525928546,50.74846319947392
23-Sep,2798459,2287803,7042800,0,10683000,4809306,236238,0,7164653,234934.16257978696,10682051.564903809,648.9200190901756,4806983.3350239545,3135.700320337899
24-Sep,2967738,0,9977960,0,13475809,241064,0,6289767,5336755,0.0,13474535.891563188,6288599.190172872,240564.2792646885,6287786.970515698
25-Sep,3925493,2257804,0,22183862,4947155,3930803,7390665,3673561,0,7391578.475723514,4947586.797708194,3673318.52979336,3930297.558784897,3673303.9973055013
26-Sep,1999000,7132539,0,13602822,32500000,0,2025698,0,0,2025496.8392089608,32499483.651595604,0.0,394.87380819022655,515.8277029404417
27-Sep,0,6669212,8383559,7203770,6858140,0,44551000,8805992,4910977,44551484.39951122,6857567.200063108,8805215.140822679,0.0,8805948.528986312
28-Sep,2387787,2435446,12797524,2524588,3832951,10491115,10751882,0,0,10751101.421352334,3832621.031411632,0.0,10490649.00764116,1110.975079570897
29-Sep,36185160,6991916,167876,1143869,324156,15101054,0,3308234,16455647,340.7675476046279,324530.606201387,3308311.934062408,15100224.517705249,3308960.4488901324
30-Sep,3363677,32984806,8000673,0,7149438,30816008,971897,0,7838118,972149.218703798,7149181.41154831,342.9684992907569,30815107.786494076,678.3615454677492
01-Oct,4847875,0,0,12039549,7540386,0,4505465,11169720,23515791,4504625.723686096,7539941.717801026,11169630.572074652,1.2007605023682115,11170969.332666885
02-Oct,6064843,0,14054931,5345615,9612559,150514,2558108,3705553,1642537,2557640.521470054,9612974.51553706,3706356.053300372,150615.15833067056,3703587.6404260616
03-Oct,0,14814527,5946877,0,13664840,13213360,0,10935600,0,1180.1832412676886,13664573.681111949,10936519.97061276,13213868.00269372,10935594.332743404
04-Oct,9021380,3787505,129181,4529131,4500900,0,6041228,9554871,0,6038223.826264536,4502319.458496213,9553509.735403305,0.0,9554125.88381747
05-Oct,2520116,2173490,150401,2314998,0,5749440,7097826,735516,6573029,7099694.431942467,9.071265013888478,735712.2795627369,5750345.451019591,733634.6667741286
06-Oct,11038671,3763209,9578666,11375640,22768,23155378,43101569,8386680,12134811,43101102.39288013,22652.07625895832,8387064.551344402,23155794.332379088,8387357.686853369
07-Oct,10502947,2097472,236718,7874100,4562717,17718116,0,9420657,310247,108.381505577825,4563035.177162932,9420813.81479165,17720035.101931036,9421942.44242772
08-Oct,20985080,8752701,7318684,847018,17680245,9753863,2526461,0,26448,2526916.570124103,17680722.4910117,0.0,9753521.211111937,0.0
09-Oct,8717050,802068,22072766,12053369,4731377,56205,1712520,5209030,2701871,1714142.1488625407,4732255.1185521,5208131.5560643785,55083.27739049308,5207133.792977312
10-Oct,607006,21954831,8405775,15571357,0,24319354,10276619,2412327,4026716,10276716.88051232,341.0907864291221,2411512.4845619234,24320553.733877476,2411348.014599922
11-Oct,49510378,7360722,19422806,0,8001000,0,2219053,6263797,4476984,2218114.7064422527,8000703.860369627,6263817.64979394,809.9799325829372,6263314.841640344
12-Oct,6655091,2713848,1200872,2428682,13022000,6993630,6948647,0,2724800,6947813.672924434,13021999.734960385,0.0,6997595.898990492,0.0
13-Oct,13619665,18162614,3433181,29210,5433304,6194890,3585988,0,10591513,3584841.4682716257,5433876.96839239,0.0,6193860.761653084,463.416581784375
14-Oct,4584801,6125940,32525,317996,11667455,7905901,8416525,1655840,20352679,8415961.394771544,11665784.32966352,1655436.5468981136,7906228.156293043,1655170.423611462
15-Oct,5161468,22131332,49235418,4630998,0,8057009,0,0,2813,0.0,0.0,0.0,8057248.87345191,0.0
16-Oct,4748362,0,1166536,20515716,6210283,24989000,4707583,6425046,2955379,4708153.55031934,6210814.222945588,6424743.778461771,24989945.90977501,6424065.852144761
17-Oct,20980530,8329199,15764683,8443089,0,460808,5550411,12049023,7110085,5548712.306031448,0.0,12048928.695168748,461984.1563123623,12048293.070432995
18-Oct,0,4528408,1947152,0,3508707,3933777,7820510,23050598,16017009,7819244.924653043,3509776.422995953,23051145.727856807,3935977.5239612455,23053180.454403095
19-Oct,0,0,0,1857947,0,9151225,5209676,8197538,588920,5210363.880333876,0.0,8198505.499031659,9151473.107244665,8198328.1101530455
20-Oct,19220925,8296115,17312163,41130000,764010,0,12096898,0,11882075,12096403.6856216,764196.3412784832,0.0,260.92489904444665,0.0
21-Oct,4639062,2412088,4042706,0,9471419,6665969,0,4485302,10068806,2461.50832073763,9471818.632016825,4485313.395956609,6666805.635371556,4487044.948462737
22-Oct,3180007,9047829,0,9140810,16758676,0,6622,5073551,0,8161.624127006158,16758945.97243327,5072311.180678115,0.0,5072085.5327799665
23-Oct,11796784,0,4057446,7301000,7388662,255840,8288296,1569622,2092876,8284815.008869896,7386642.0885132095,1568816.2831566054,257752.64382074773,1570980.1383360215
24-Oct,7706699,12495889,12074557,11448842,5499970,0,12984319,7952445,6745,12983504.237976288,5499023.5744940415,7952700.61675045,356.502352247946,7952659.366135876
25-Oct,0,2864108,2695029,0,4999470,654615,5732593,2138387,7159621,5735604.20216342,4998675.660124251,2140568.35791937,653855.1977114733,2140421.2387880157
26-Oct,29146765,3534623,0,14266411,0,18301300,9232769,0,3584497,9231252.966949409,0.0,122.05014915764332,18301379.29800364,627.9960727570578
27-Oct,14153548,48838603,6391650,6142620,34000675,9058470,54685,0,6192257,54259.99059738405,34000350.40938343,394.1952721262351,9059349.4712627,65.22694123443216
28-Oct,2957963,0,0,0,11072903,0,9527488,8353272,0,9528584.251395885,11074083.331423951,8354498.854053637,1144.612872350961,8354586.895887915
29-Oct,4739045,9039898,10804808,15263603,8611081,3111035,0,2647564,8788078,0.0,8611667.197454354,2647887.0561583294,3111532.118326089,2646732.630422124
30-Oct,5512821,0,3746827,6741189,6355486,9000000,2712651,14513500,0,2710247.4367953963,6355002.548513348,14514223.680070937,8997044.694702618,14514200.437213723
31-Oct,0,17272,7765578,20218210,0,5166343,11940446,0,3467217,11941462.43067238,662.2661447869614,689.2468954082578,5165896.787485906,238.92189527209848
01-Nov,36000000,5389824,1595750,0,1862810,465770,0,5097010,1190527,0.0,1863382.957931541,5097273.106426449,466410.09941134136,5096384.431585666
02-Nov,0,2120038,1266193,1890676,86422,12017858,2131999,1628624,0,2132668.5286958134,86104.05523457285,1628038.108924971,12015305.950680109,1629928.8283700729
03-Nov,9931673,8837669,4137002,0,8621019,0,2259404,42340000,13898392,2259985.38074802,8621838.99187496,42339726.37160754,0.0,42340172.16522547
04-Nov,2382515,11341994,1032318,24980,6176937,5496437,12729991,4146576,322549,12728391.798103629,6175397.5333605,4145335.848113149,5494826.887400841,4146698.325078224
05-Nov,26843266,1343589,9863065,8145147,9901831,13058879,673456,18951793,1382566,674286.7407876877,9902052.947640704,18952336.755848262,13058984.089286136,18952859.694037028
06-Nov,5304613,0,2958304,21163538,3236838,0,10753622,1085019,0,10754165.938678032,3237462.093696826,1084557.7244505845,0.0,1084244.6375548132
07-Nov,11734,26357839,7965329,6218594,20006000,10245740,1413292,6662335,14533840,1413668.2978554573,20006123.00923236,6661692.98474873,10244904.680682598,6661045.218943181
08-Nov,848954,10981971,4000650,0,1854085,44058972,5009923,5252417,391086,5010818.752614138,1855230.4238857152,5253571.15796604,44059901.960725285,5252143.556641603
09-Nov,4834483,9232032,3649548,18071770,1048000,0,11002652,2649485,16384734,11003519.538831051,1047447.6664914788,2648730.09696954,0.0,2648717.830363215
10-Nov,9027051,4698022,5991636,0,0,4999415,31232529,1712401,3454161,31233135.40713078,566.2081252997741,1712107.8173587564,5000145.397332991,1712739.8872286538
11-Nov,3372027,5508018,0,8650259,17814042,9237187,4000150,4177698,12241001,4000693.956312857,17814655.720183752,4175993.939093673,9236440.625516418,4176235.634168312
12-Nov,5844062,0,524616,0,7077031,5775607,2290794,9483553,3004455,2292079.741985645,7078117.108199455,9482667.459583614,5774351.22766576,9484208.595868064
13-Nov,6882852,4977558,7645628,11654321,4082435,9671247,13075994,4496906,9404457,13075495.610825803,4083247.766932239,4496300.553580442,9672708.67342586,4494854.003594198
14-Nov,0,2257444,6435619,0,87205,1115136,380209,2575472,0,381651.80319639016,89618.39435150009,2573685.695789056,1114294.4012981765,2571047.906721535
15-Nov,1867024,28989836,20700,8749572,3600,245773,2901144,3059452,60245423,2901713.4167022747,4079.3080204669386,3059804.620355022,245758.5568468329,3059823.3789541638
16-Nov,10566689,0,0,48336,2863491,16138313,6527787,0,0,6528115.795755678,2864026.9321002983,645.9370474321768,16138767.415814113,869.1552538732067
17-Nov,11878398,7849625,5821248,0,5257930,11102959,12287730,14889599,5177664,12287103.43871767,5257695.553472325,14889938.70988004,11104753.651967246,14891240.80102395
18-Nov,1213966,5934761,43262000,9133986,12237201,0,0,389134,1353002,0.0,12236206.644179009,389406.82041105535,1120.4065023008734,388650.00712175854
19-Nov,2749175,18001000,28210306,11342897,15960874,1285366,2013029,8966680,3289054,2013018.8295982275,15960607.65620656,8966061.401539989,1286240.9144963317,8965636.469663888
20-Nov,16109966,1975273,3426764,14192227,5335487,56258760,10281403,4823839,28247223,10281371.331377013,5335202.793693731,4824149.608266492,56258413.85301109,4824413.157379102
21-Nov,4851064,8452444,14614179,5849331,0,3717346,7800114,7487285,3902975,7799312.021550458,0.0,7488246.639055214,3716722.466855805,7488591.741140965
22-Nov,0,63339911,5598992,6287570,0,27865883,3959596,1138594,6187009,3960322.7948160064,0.0,1138838.8675799994,27866126.59849197,1139048.0568200387
23-Nov,2102122,11715736,0,399178,0,5725850,4601761,5309710,2436446,4598179.082334417,505.8684135014191,5311387.861801578,5728337.791335731,5314356.758517673
24-Nov,24219603,2487301,4153669,1050496,0,0,2865198,0,4848188,2863507.562623788,487.8640945851803,1312.5285015599802,382.81032111216336,0.0
25-Nov,1580277,6492842,57018613,0,12229821,806737,0,6381499,5901,711.9642361244187,12230089.09606928,6381924.880905787,805524.789839711,6382571.282019659
26-Nov,5256992,1547791,9671081,35669496,20478983,27108,0,2816991,13645860,0.0,20478781.10148268,2817061.419157013,27996.64372804668,2816844.2427595835
27-Nov,3082533,0,6483264,6526879,4185419,5234294,2070020,1963433,0,2073040.7602858783,4187724.110827976,1966058.3090883784,5237023.593830423,1966883.0462616947
28-Nov,40143886,13432599,12672618,0,69034,3300,1129871,6505837,4026155,1130452.437652505,70128.46735275257,6506742.01814121,4620.030612627044,6507595.771566936
29-Nov,9350122,11632028,400000,0,0,1215979,45791271,7304887,7919317,45790135.25407778,486.7263089520857,7304579.882666345,1217162.4484261123,7303919.511082591
30-Nov,4573529,2220461,7861500,5994799,6537000,12305384,10957766,1218561,3644220,10960184.623551177,6539368.342136167,1220568.1094058491,12305875.484334825,1217964.9947167207
01-Dec,9788154,1013241,2103613,0,2500,0,0,429690,4270364,890.0110698901117,1030.165306548588,430959.4032979142,0.0,430648.40578321274
02-Dec,426367,8831642,342187,833130,8036251,0,3915460,5594788,195112,3913598.1652398426,8035196.550146397,5595787.15261355,0.0,5597468.44567203
03-Dec,24318435,0,0,10396972,15864716,4199850,3495823,11035990,9775121,3495642.6813746616,15864227.566654429,11035653.005024413,4201042.615975204,11036119.299689485
04-Dec,5866403,499134,1432295,26564447,12022388,6886440,13077655,3196333,1337889,13078261.470841637,12021876.625939203,3196656.111187368,6886081.663985651,3197431.2067775293
05-Dec,0,41469554,15286909,5717888,4855850,3443932,3758110,3763807,433088,3757730.21841968,4856239.171847046,3763249.825355601,3442835.8388434,3763522.7171885795
06-Dec,30070,11168533,178053,42001,2900,4463932,6289180,18798787,11003927,6288653.597411145,1809.7473339969288,18798215.09585923,4462060.106739337,18796840.98281448
07-Dec,5231478,3154659,1224378,1629804,0,1968743,2356681,4125043,0,2354282.785676992,0.0,4125106.448008362,1968050.213138983,4125527.848130409
08-Dec,16003407,5666504,6522786,4200000,9248174,8939585,0,0,5236574,0.0,9249304.62018022,172.84969033300877,8936596.237454448,779.3569945190102
09-Dec,2427808,11733014,0,7634580,5881769,10600000,1637114,12330052,14103034,1637418.8108292995,5883043.971266578,12331409.268953834,10601343.379406856,12331757.071064886
10-Dec,6506790,0,14836959,13755130,9289219,8430311,13627902,6642507,3148037,13628810.487545474,9289120.014909316,6641479.596476209,8431188.8622819,6643201.973358192
11-Dec,1472739,5000165,2581662,0,4466268,2560530,40411526,5019166,0,40410356.09800694,4465800.307845246,5018655.14545181,2559322.791324041,5018026.7749312725
12-Dec,108790,2712383,6476912,23662498,76804,6598287,4076977,1313867,0,4075260.3175178673,76600.4666219661,1313641.4827571372,6597846.963570778,1313458.6565385181
13-Dec,0,2573396,8763864,6397738,4750300,17315208,2146020,0,7071317,2143490.2198614217,4749475.3211672185,0.0,17317156.152584434,0.0
14-Dec,5735984,8069313,59318,1983968,0,335863,6166575,22237157,5755537,6167849.808864412,701.6468784185126,22238295.925411817,334908.87195430323,22239772.609610006
15-Dec,10828486,4718130,0,10621560,164557,3435597,12246656,45663987,8956778,12246625.337676492,163857.60010616295,45663356.69266863,3434843.423945679,45663792.07072644
16-Dec,1398691,347930,1896706,5458773,36370222,1110486,518917,3066974,10685862,519446.3259153329,36369241.49479953,3066932.227308908,1110973.3819523975,3067484.4150908506
17-Dec,5919119,5356834,6906847,4386388,3891659,10492850,0,8747387,194345,0.0,3891436.042104845,8748248.114368355,10496451.075805334,8744795.900962155
18-Dec,4660480,2996065,18643164,15744972,10416901,0,4959000,3193823,4742045,4958414.5339416,10415318.792643078,3193173.6636561523,2064.1102198231965,3195892.7870563962
19-Dec,24850,0,30521326,223200,338071,19341972,6821572,61172,68520,6822018.535563132,338393.2666040389,61700.50670141727,19341289.881717995,61953.5613128189
20-Dec,14463000,3237952,7761030,8422138,9427530,19188961,2826443,7090134,8169778,2825228.635069059,9428160.081051042,7088313.568707265,19190182.126929037,7087349.598300229
21-Dec,5411976,40049165,0,208917,0,9603147,3027537,8264715,730844,3027991.0358806457,886.5553446561098,8264968.248066566,9604247.43535453,8265316.85434326
22-Dec,9170604,10352284,545251,1923053,6900250,18963439,12812683,0,9717942,12811394.867218005,6899577.418756316,0.0,18961218.217543907,0.0
23-Dec,1602563,2500,0,7200000,16296519,24300000,0,15595959,9516920,0.0,16297104.959829204,15595893.855491005,24299364.98550568,15595107.4304305
24-Dec,4205050,6838126,6154574,15135072,6678780,9010539,12501320,0,11641000,12501304.746849729,6679409.508514174,0.0,9010136.530106274,608.7209170004353
25-Dec,29858948,25177260,3596386,8080251,6049266,12718551,9672354,1324922,7186648,9672476.671412423,6049512.901903514,1324903.0848406125,12720324.897262556,1325031.559403794
26-Dec,0,3166118,26367937,0,8847231,31408,0,0,0,0.0,8847976.529116621,359.9238993031904,31641.57018670253,383.1343403942883
27-Dec,18602811,5920988,17506090,6081902,0,0,4067294,0,4607673,4068108.506606556,512.7288893358782,0.0,0.0,0.0
28-Dec,307850,9979921,0,55800,55819,9839645,0,16079141,7694353,0.0,55241.52635894716,16080384.310932629,9842210.090304108,16082406.099700907
29-Dec,16878402,1995829,291472,5249180,0,7090580,0,0,2066655,0.0,1081.5382502963766,0.0,7090181.330913452,0.0
30-Dec,831523,8789438,6131200,0,3946143,10619532,0,7419655,3665809,604.6866316907108,3946249.521713648,7417790.557522888,10617693.637317188,7420571.681319408
31-Dec,4023978,8785325,6668281,32821973,7879830,0,111614,7376423,7595589,112124.46383871604,7880364.301399536,7376083.784929918,1168.7034891406074,7377398.226484966
