2015,2016,2017,2018,2019,2020,2021,2022,2023
20000,0,0,0,0,0,0,0,0
1346288,0,0,0,0,0,0,0,0
214500,48600,0,24000,24000,144685,194590,452294,1653150
441797,361413,679656,568203,197687,14754,0,2841,0
1374800,1961480,2034720,3308895,2385049,1697278,2512818,3724210,3315054
202834,156121,121570,26830,0,14705,0,0,0
2721,3569,4421,0,0,0,63746,124261,37999
56000,0,55900,0,27000,0,0,0,0
139924,17140,12617,197771,293091,36020,118131,18940,451180
196727,157566,87995,127016,210735,38212,0,0,0
854,5274,0,0,0,0,0,337,4701
793,0,0,0,0,0,0,0,0
11002,17868,19680,15760,7350,0,4357,252,0
359290,154585,164533,374660,48000,0,0,0,0
5109702,5314820,5244604,6075897,6054924,3769618,4065985,4882866,5722081
393,341,0,0,7200,0,0,0,0
566035,382409,0,151590,249640,427361,95800,29100,28500
461980,352496,549490,1256905,1789051,1459668,2476123,2617996,2059244
237764,397922,497486,1190201,1061663,655166,892804,1604885,1791322
2458952,2065846,1618043,1164078,2760015,3556055,3526565,4538145,4504002
536432,208759,670153,113005,99740,101161,722293,254500,1062411
11599,4508,15642,0,0,0,0,26221,6242
4500,0,0,0,0,0,0,0,0
615,14908,4805,862,193,461,0,0,688
2963,3660,46308,54503,30774,7231,1324,54478,18281
1185,8412,9937,20185,72695,107682,139982,92458,167822
7904,0,22424,0,0,0,0,0,0
49637,68277,81165,32722,91338,20678,66683,17607,14328
622620,655850,588940,756580,669685,518743,1158989,349734,213095
1831,110085,54555,22507,21271,14596,9670,22045,12922
992,0,0,0,0,0,0,0,0
1386051,1350224,1173974,1052759,1091409,746178,0,0,0
453889,818242,785932,1014895,977365,330628,709925,549448,578457
2032,1261,4764,0,0,0,0,0,0
14173,7520,7520,7776,15536,7344,7344,0,7344
29970,36866,4083,15260,23660,15818,9775,18465,34075
75,300,90,0,100,0,0,0,0
9500,0,0,0,0,0,0,0,0
7312,25848,20712,108918,364857,267992,185969,145967,246893
5312,0,0,0,27758,0,0,0,0
4420479,6209642,5164523,5699132,5264683,4868005,5257371,3189816,2040828
1878064,1194190,1240144,1312388,1547128,902088,943792,1019626,1298604
256,1506,138,1960,92,6514,25499,17316,0
19262,0,0,0,0,443848,171715,1443076,156496
64532,39979,35548,12025,12925,5462,17344,23519,8321
1750,0,0,0,0,0,0,0,0
5240,1787,3065,1023,6944,5589,2133,124,8580
125309,148841,235584,133054,23109,194717,97182,76726,66718
14663,6341,20036,18192,39140,36685,21334,33294,25039
15876,0,0,0,0,0,0,0,0
3604,0,0,0,0,2180,0,0,4515
844,0,0,0,0,0,0,0,0
32597,56582,18048,0,0,0,10400,0,0
3675,0,43986,0,0,19374,60812,257663,606151
35831,28931,0,13624,36133,0,65182,54471,61687
869736,1312747,1616572,1407420,586870,1100174,2182268,1430007,903955
1648460,1512526,110000,0,0,28000,0,67159,26000
915,0,0,0,570,0,0,0,1394
13200,111969,85609,88027,0,0,19088,0,0
93440,60160,226843,5742,0,0,0,0,0
1145,4658,3986,0,0,0,0,0,10495
2881,6820,19611,28766,177615,116227,561146,1211288,996512
14402,24000,0,0,0,0,0,0,0
3509,0,0,4486,0,0,0,0,377
1883,0,0,0,0,0,0,0,0
3425,0,24994,45713,128215,243965,280246,393150,346467
18195,22661,12759,22992,25687,53849,65764,114883,70736
1655,0,0,0,0,0,0,0,0
3750,3709,0,2750,0,0,0,0,0
544968,926562,1789010,2492715,1925280,1535311,2346347,2176675,1451891
6265,0,0,0,0,0,0,2102,0
14046,16099,29339,17101,17537,8741,1545,25134,28201
24088,40084,52535,26320,0,18418,808,0,0
1197608,1122836,1410666,919697,1150553,829772,1163489,1556112,1200961
55448,952,79684,11085,16562,29009,29135,51774,20233
25,4319,148,1021,0,0,0,0,247
73982,30164,36356,23745,1474,116144,169945,287528,67214
1042821,1546705,1663803,2583904,3417441,1817234,2678875,3180858,2720672
70490,27300,0,0,0,0,0,0,0
320,980,0,1210,376,0,0,0,0
1870,755,0,550,2460,500,5454,0,0
15808,82596,73715,7944,0,587,0,0,5318
153709,259888,289433,554904,652883,567040,770860,688116,400656
1912,1593,7417,9321,0,0,10508,4131,680
952546,788299,930585,1134556,956257,1165199,1539315,1006202,1314481
3750,0,0,0,0,0,0,0,0
1575097,883159,683471,1139398,431416,205675,115997,43800,50000
1327811,1285102,1793083,1438568,867302,579247,436163,384500,1422596
2015672,1150357,1137553,624548,1190291,1361656,1774016,1375171,1138612
6835,18998,0,0,0,0,0,0,0
20300,0,0,0,0,0,0,0,0
34895,9811,0,0,0,8055,2075,0,0
5828,0,0,0,0,0,9800,0,0
157421,11842,51301,8276,151968,92358,189167,54176,82690
175252,242810,306980,92699,123910,114447,89410,244400,41550
56259,55934,0,0,16337,0,0,16064,30329
1581,199,0,0,0,1510,1118,0,0
1051564,2527796,2419963,2496982,793479,614300,1164049,1270138,1186474
798370,5508860,3874370,1381008,0,0,0,0,0
1203,9745,1856,3818,8213,2717,1164,27738,7385
52498,0,0,0,0,0,0,0,0
28000,62661,24000,54095,36650,60280,31723,65418,45275
238644,222831,171636,138504,213504,138380,161054,210876,238921
11880,0,0,0,0,0,0,0,0
190512,127008,188760,172334,216636,142140,209092,173644,189970
532,0,0,0,0,0,0,0,0
208565,261322,101325,197455,31751,78785,120963,26403,37040
25016,6526,6630,0,0,0,0,0,0
21000,0,0,0,0,0,0,0,0
440,0,0,0,0,0,10400,11237,4704
305,0,0,0,0,0,0,0,0
1050084,473652,735768,228504,624882,908621,818610,685322,779860
1117994,747151,341385,174100,142352,269231,402661,1435275,2254230
42000,0,0,0,0,0,0,0,0
41117,72252,102370,91046,85858,56970,97175,112473,148588
540,0,440,0,1090,851,6703,13211,8248
3443,6950,1440,0,2870,0,0,0,0
60344,115531,112526,190146,469786,198646,344713,256061,399210
25219,22563,9274,14074,25750,20622,22977,0,0
591786,568187,530518,504235,623143,794656,1079568,1061983,628243
6157,20582,43819,15432,68644,45301,100581,338515,330521
36980,16632,17058,2355,11648,6980,21141,38042,73586
747,0,0,0,0,0,0,0,0
269601,281284,162195,146602,113391,241360,348723,365227,325570
1034734,1111428,1105461,818131,488107,507506,487014,527820,201081
58400,0,19200,0,389950,0,0,0,0
27112,19827,31054,687,816,293,0,0,0
146350,66155,156710,145122,146010,124182,58764,0,0
2253,18888,58215,1146,0,0,0,0,0
5096,0,0,0,0,0,0,0,0
18564,69777,86397,86345,228380,72192,0,0,26888
9755,48705,91170,74962,242032,123160,143775,0,36466
518742,460864,347889,361760,312139,234667,385932,364588,347977
1007,589,0,0,0,0,0,0,0
75220,37104,168016,107840,17700,18600,0,0,24000
572,0,0,0,0,0,0,0,0
4638,0,3883,0,2852,0,0,0,0
5188,3600,2400,2500,15041,2280,0,880,3800
143863,0,0,0,0,0,0,0,0
400,0,0,0,0,0,0,0,0
174085,172183,126384,69477,50926,42170,3300,0,0
1977574,1545564,1535023,2036325,2587584,2278346,3361076,1726492,2138720
912,9506,9067,0,11227,6887,1336,0,0
125,0,0,8600,6178,8877,8734,0,8815
332520,360768,314892,90876,77326,0,60000,30000,90000
891951,955612,1131406,1103900,1177853,945297,550028,520763,656219
1372644,1918042,2273976,3775798,3277071,1379848,1802697,1623207,2202798
13191,1200,0,7179,16313,0,0,0,0
219608,185660,118000,0,0,0,0,0,0
26391,19593,12226,9696,33325,11345,5062,31147,84347
4773530,3710012,4801189,3224544,1616900,1333679,1467950,758625,556020
4455,10667,5095,0,0,0,0,0,0
40250,64024,172839,35168,33858,29799,18434,0,5230
118856,147952,539452,1029221,313175,68811,101571,63120,3200
171,0,0,0,0,0,0,0,0
65762,56866,108746,197692,205880,154556,212749,128149,90882
1141146,1153699,2037420,1963471,2912157,1792341,4643823,1473757,1759857
6500,0,0,0,0,0,0,0,0
11000,0,0,0,0,0,0,0,0
10892,0,0,0,0,0,0,0,0
131200,178220,64000,63000,122600,50000,103000,56125,75000
11855,0,0,0,0,0,0,0,0
11561,0,0,0,165,0,4501,5545,9218
2469,0,0,0,0,0,0,0,0
1459122,1655089,2573128,2995866,1846186,1520098,825194,322699,49492
42222680,41453954,43104694,37195286,41561818,42376693,36377472,42237733,32178282
60000,57620,0,0,0,0,0,0,0
41466,38699,0,0,55744,0,0,125560,22502
98473,55514,19772,78213,61741,82462,17441,54289,98608
271800,265772,924712,818520,0,0,0,0,0
64699,8000,8000,9000,45690,0,9072,0,0
2935736,3410310,3501333,3392388,4147347,2929253,5330246,3877303,5084111
77520,158245,99390,138945,144470,285928,262443,101606,137480
734777,748190,851413,730777,749965,770176,1124961,842077,787539
9908,6800,12800,7489,6107,0,9100,3506,6158
128449,132356,137397,203908,213406,187355,175846,191626,116995
668449,390157,305216,362471,268197,228331,320840,229223,217167
68000,117245,116525,105785,184253,506236,859227,85850,209002
514266,507220,880344,126280,0,0,0,0,0
38809,45680,21494,48932,52553,37697,13682,23705,12430
3140,2390,1275,1059,5918,1201,0,3074,469
37641,20785,14479,0,0,0,3488,96931,118864
587,0,0,0,0,0,0,22360,0
26463,16475,13328,18765,10894,30676,30586,0,0
8789,0,17906,23297,0,0,58126,62872,12732
3279,2852,0,6997,15458,0,0,6060,12439
1952,9505,4651,0,0,0,0,0,0
4043,16713,0,0,12206,38434,11902,56260,15000
11290,25199,14925,36061,34054,24295,16140,9568,1143
327255,206232,105008,50151,29687,43837,0,0,0
137072,129675,58660,0,0,0,0,0,0
3107,12979,2304,23429,8564,5068,47083,1336,915
360,1140,875,19908,11381,28934,26862,11847,1335
2160,1980,306,5139,1892,13177,9848,0,476
78659,124517,212457,259268,451487,187058,128590,264015,481685
649,0,0,0,0,0,0,0,0
25172,2656,16086,0,0,0,12730,1824,0
31261,46917,107196,155883,180093,136083,53556,88727,6037
1479,1425,3353,14860,3074,8750,4154,0,11957
524217,405226,509137,512450,157724,0,258296,927125,1638148
138000,168300,322200,89700,0,0,625160,3717350,745350
168530,304832,308273,851740,444754,146280,234980,72390,493302
162103,109057,127511,76034,157096,183493,91957,23003,18886
6409,0,0,0,0,0,0,0,0
40995,39259,43648,41012,53891,15081,22001,14214,5694
761554,968567,1314232,2035202,1769972,1954678,2126792,1586599,1508514
5162,28137,99303,66402,108233,71640,53568,21411,17251
63634,0,0,20661,0,8240,6425,0,15636
368000,0,0,0,0,224000,3572526,1170000,802000
1310,1625,1075,0,0,0,2800,0,0
94264,383521,254299,180245,197350,0,14000,0,0
253694,156720,181943,253151,270034,238205,297257,298590,398062
423,0,0,0,0,0,0,15000,0
139500,189521,122600,97521,125718,72676,158641,58391,47641
305,0,0,0,0,0,0,0,0
170,0,0,0,0,0,0,0,0
14201,1195,0,0,0,0,0,0,0
10036448,12297164,12753404,15195731,18198674,15174140,21613851,21753085,15125840
56224,109637,62338,54721,22200,22976,0,0,0
892668,624528,108504,30000,0,0,0,0,0
500,3500,131,0,0,0,0,0,0
19202,27920,45004,43823,20401,23206,56187,51285,16078
26207,2089,23097,4113,2422,5019,1131,3013,2099
42593,63755,68299,115220,214620,254155,207588,79652,188951
7150,6850,0,0,0,0,0,0,0
20374,2520,0,0,0,0,0,0,0
698751,444411,332906,526816,533705,389956,953787,636410,489700
83268,168177,88617,7429,0,0,0,0,0
35578,222009,33715,0,0,36068,10589,365279,10955
12733,4032,0,0,0,0,0,0,0
17196,32593,13464,0,13097,9572,0,0,0
209148,1969098,2345382,891400,459250,182542,177286,514000,2318325
380800,1116785,2735846,1901060,3155069,2089040,4144846,5595181,1209471
2550,0,0,0,0,0,0,0,0
43,0,0,0,0,0,0,0,0
673,937,0,0,0,0,0,0,0
4777,0,0,0,0,0,0,0,0
2100,0,0,0,0,0,0,0,0
4156,160,1884,0,0,0,5743,24336,23200
19455,21040,19188,2625,0,0,0,0,0
453,3941,58479,19654,23060,11409,23991,34231,199375
1126,12638,17585,57198,21354,9690,0,0,15850
18051,0,0,0,0,0,0,0,0
58345,36025,50676,68447,123635,187772,107659,64693,59190
200782,323444,242920,289828,224462,484592,1046776,892011,494142
1025711,1191635,1975858,2177302,1603077,1925676,1713297,1968917,1931880
607660,631654,640570,1145128,1222181,1291428,1088561,940280,1466591
5319908,5890454,6303410,6034021,7056345,5459040,7295257,8110817,8914568
1051,36042,0,0,0,14056,136154,108738,80240
472618,658630,624573,837696,838857,622638,792204,780444,739328
48,0,0,0,0,225,0,0,0
925,950,1192,0,0,3000,0,0,0
5613,85473,139120,26399,15570,45971,44887,13230,49044
78111,7980,10761,3102,30460,2970,0,0,0
92456,203859,94244,151394,76823,85381,48660,17550,0
21414,45613,7571,0,7497,0,8161,0,0
15887,17386,2342,3200,740,0,1322,0,0
886832,1146108,1041544,449007,116411,0,0,0,177573
35874,0,24684,35365,87075,104408,257905,79068,0
1580,3888,0,0,0,0,0,12,0
356920,325700,421164,368550,250700,160372,621494,733560,511870
1750,0,0,0,0,0,0,0,0
2079372,1709738,1532460,1493552,1720703,4568320,3250417,3518061,2290801
19310,30145,14774,7895,1284,0,0,0,0
20974,18317,10179,11844,11765,8817,34088,0,0
8584,0,0,0,0,0,0,0,0
23072,22610,22300,23951,23566,0,0,0,0
6640,0,0,0,0,11983,0,0,0
23362,8489,0,0,0,0,0,0,0
1025,0,0,1918,7745,0,5249,0,0
1963,2237,0,10104,2263,2522,21212,60390,48326
147392,192556,287897,471404,596863,340276,480098,324111,288056
47755,0,0,30050,0,0,0,0,0
225075,202515,259835,0,0,0,0,0,310930
76730,149280,8204,41480,34770,10191,53368,54560,16197
83021,193211,56109,6284,0,0,0,0,0
3713,19788,9823,7300,0,0,0,0,25714
71574,64595,58036,44294,23866,29153,364,15278,21255
162391,223085,2277826,1274609,5940,630418,2075433,2374803,2633256
4423302,2951520,3717165,4108617,3337145,3093427,3093498,3323084,2923359
29355,7230,11637,6200,435,3900,0,0,430
241608,127726,182177,34196,0,37682,39109,293459,191255
3255796,3770304,3643845,4089577,3886740,3383469,5380919,2875188,3718903
1188834,1496717,1106699,1132793,1400630,1781684,2283208,1598362,2379745
10052,9277,8314,2846,4992,3018,9880,3968,0
5512,0,0,0,0,0,0,0,0
23748,26094,47789,2747,14400,2338,13509,7253,12216
1757,16566,7579,0,0,0,0,48143,0
25000,114000,28500,0,0,0,0,55500,0
52500,0,0,0,0,0,0,0,0
18333,16038,14606,2967,3884,2148,3092,0,0
49600,71150,143500,266012,124144,165696,183617,130362,96000
3949,15552,12304,0,6380,3714,958,2009,855
390,736,0,321,0,960,365,0,6582
9215,766,0,0,0,0,0,0,0
2555566,3384406,4562248,3752211,3049601,2050189,2992720,2872575,2119800
818592,773251,1014785,850994,944196,1323558,806152,719376,1238894
1064,12544,9633,64211,149140,17026,43188,47034,45028
48071,7130,6497,9965,6281,13952,22675,15486,3382
308542,909840,2429440,2892300,2936634,2358728,498000,214750,2426605
6907,3626,0,85909,19431,1557,8527,16016,4378
95945,328336,248150,194040,260705,295045,397627,392460,373037
13750,3400,10295,7000,3900,2500,0,7750,1250
32590,0,0,11857,6854,17524,30094,109227,45093
1402100,1718000,988000,675330,676000,338000,259000,182000,0
73243,129849,145582,187943,235841,271274,248924,201267,319738
11106,90594,0,0,0,7655,51712,115468,60945
5107,54127,73908,135523,133407,170399,182238,354357,399106
3223,0,0,0,0,0,0,0,0
444500,156000,0,0,28000,0,40854,0,0
75422,5922,127,0,0,14128,0,5759,39907
255,107,90,343,450,411,0,0,355
4234,1362,3316,0,0,0,0,0,0
200,0,0,0,0,0,0,2824,0
1000,0,0,0,0,0,0,0,0
5618,5698,2084,1676,1046,0,0,200,0
4869,11745,8118,3200,0,0,0,0,0
1362951,1440981,1693404,1331492,1435757,1467381,1663826,1537188,1815017
44538,7416,576,0,5096,0,0,0,0
649689,511180,777811,795113,1079221,537258,416524,865475,1156318
1912818,1509293,2075214,2523085,1897481,1779017,1269460,1267645,802583
36932,17415,29045,29487,21503,15768,38775,9416,10689
6125,0,0,0,0,0,0,0,0
2808,3167,1348,3043,1140,0,3167,2732,2388
549764,152480,0,0,0,0,0,0,0
1382,7908,32563,7371,14696,42560,19525,244453,274787
180,0,0,0,0,0,0,0,0
14065,0,7223,49650,0,0,9800,0,0
3781,4691,3270,3427,4137,12978,0,37458,28041
62500,20334,11495,0,0,0,0,0,0
5292,0,3181,0,0,0,850,987,0
378,0,0,0,0,0,0,0,0
5500,5000,27950,7000,5500,0,0,0,0
830924,1020091,773433,625616,330490,157269,304300,566700,362700
69000,32590,109437,0,56500,70000,390500,239050,114200
6308500,6123040,7013052,9421110,4616990,2889470,3339626,2137854,3617350
405526,401190,281882,18030,0,0,0,0,0
16660,38790,0,11621,0,0,0,0,0
126183,128524,200949,40154,66184,27166,252552,207735,122719
13068,4853,4328,3842,215,500,1406,6399,4842
63308,56866,7702,16212,62461,87984,52318,96517,83799
525,334,0,0,0,0,0,0,0
554490,93270,21934,0,0,0,0,0,0
12649,6604,15846,3420,46947,66770,43416,0,0
2887719,1544696,169110,0,0,0,0,481500,159500
30805,16206,1712,13400,0,0,0,0,0
147911,217221,223286,411215,603350,563298,692253,1006174,998514
1666383,1470853,1945485,817412,323516,528840,719802,1166960,515403
482861,108856,249186,58512,1547448,421194,372377,46206,277862
143145,139662,252599,141279,142608,46431,27230,88508,0
94735,69711,96998,161021,189558,210798,191656,206275,214178
58355,562660,426106,680418,1369894,1240810,1283669,0,22808
419,8298,2278,0,0,0,0,0,0
34655,2050,51549,18,315,367,47112,48237,2850
1823229,1616034,1505947,1353415,1006784,1035027,1139326,1202181,1163916
106525,217707,0,153315,0,91894,0,11999,35788
1297900,756130,755132,725430,807460,745050,753000,1064810,1006380
3614314,711628,2410418,1318506,5167754,3550433,10753048,10039537,9838273
41500,47472,0,12224,15031,62795,197411,219496,316618
25207,41060,90002,96856,110722,97808,73835,108020,152382
11391,0,3099,0,5053,23222,29943,23104,37235
33430,122287,93955,132669,323700,466774,195372,183061,85578
46090,25000,18000,36000,54000,0,12058,0,0
228,0,7585,0,0,0,0,0,1427
122606,125007,77995,184248,214659,94995,139431,152918,106880
42557,35394,6097,2570,0,0,0,0,0
16100,18300,90000,90000,22010,75000,26125,0,17500
24320,44800,0,0,0,0,0,0,0
140718,154254,110080,257481,150239,71067,168270,67006,24094
8635429,9888431,9083661,9597018,6839727,6335090,4600863,883185,888760
564102,180933,0,69465,12900,0,0,0,0
1202044,1494627,1932615,2270700,2591220,1342383,1456850,2346804,1784218
957,50985,35669,727,10400,1182,26740,35453,31600
180,250,0,0,0,0,0,0,0
1467,4887,339,7659,0,7584,54423,134862,104894
7854,0,0,0,0,0,0,0,0
31182,83798,198169,575470,126025,157191,131846,31582,34454
6683,0,0,0,0,0,0,0,0
176760,138231,164685,53100,0,0,47000,0,0
9000,8000,0,0,0,0,0,0,0
2077328,1693719,1046101,0,0,0,0,0,0
214600,116919,189821,106874,162000,263626,165000,123885,0
91500,0,0,0,0,0,3512,0,0
115926,115244,118094,105435,45193,52531,54008,62990,20106
2704046,3363651,2995149,2383377,2781048,2310279,3388887,2560743,2956370
528,0,0,0,0,0,0,0,0
13993,13031,5641,0,0,9682,11546,5076,4550
1347,6624,6700,0,0,9100,8879,0,40
77705,0,0,0,0,0,0,0,0
378399,294032,141736,67000,105148,0,0,0,0
13520,800,0,250,6560,800,2835,2168,12201
70107,105651,25850,30030,57949,18536,38784,37084,26400
771,0,0,51544,37271,37548,80766,74978,73173
20320,11762,48117,12697,3318,8796,8097,76423,155545
2567669,2264190,2337803,2349653,2534903,1987961,2005218,1681742,1811474
10413,110622,47270,0,0,0,8750,0,0
35853,0,9941,0,59847,0,8777,30605,10721
55600,0,0,0,0,1656,0,0,0
19000,0,0,0,0,0,0,0,0
56977,158080,103564,104891,221205,149168,193454,296909,228885
5428,6874,1335,2977,0,0,0,2078,0
33110,31934,17348,14690,13976,22987,0,0,0
27511,27423,26585,20246,54803,164584,38740,0,95
26000,0,0,0,0,0,5375,0,2649
9174,1068,5955,5605,5231,0,1385,0,0
1215732,954829,684578,1238760,1630071,1042113,1758820,1509776,1149296
10116,39495,129692,28240,73865,114630,56933,42172,203844
65837,66154,178771,223551,287862,259480,350621,299515,153132
80611,70680,60460,64450,75895,48361,82390,70385,79722
4373,499,0,0,0,0,0,0,563
44100,0,38000,6000,41480,41550,32590,0,0
4826055,4118452,4466996,5303235,4398811,4264842,4961695,3123138,3063591
200000,64000,86250,73160,0,29920,129215,146541,115394
2000,0,0,0,0,0,0,0,0
7547,9075,6750,5102,9823,0,0,7591,5948
627655,632635,392616,507897,306565,257160,180734,203756,222465
1596980,2807800,2747992,4154057,2578227,2621102,2615108,2328060,2061400
73608,0,0,0,0,0,0,0,0
75000,0,0,0,0,0,0,0,0
28000,0,0,0,0,0,0,0,0
229380,368772,165876,28874,32250,0,0,0,0
5664,0,0,0,0,0,0,0,0
226044,922870,865017,795278,977976,1665167,1847586,1725224,1034388
441,95,0,0,0,0,0,0,0
121835,61021,79246,56639,6917,0,0,0,0
469,0,409,0,0,0,0,0,0
120,150,440,100,565,0,307,0,0
43403,0,15990,4234,0,46,465,0,0
16441,17141,4100,984,610,0,0,0,0
219510,36356,7700,19289,0,0,0,0,0
819241,696752,881100,963046,745793,359955,603598,628755,689430
790,4770,3320,1205,11200,0,6718,1140,32292
1299307,1376674,1730666,1566690,1365028,1319647,984464,974672,1164061
78432,85139,67709,144764,388896,269929,288100,138502,109858
2926,3196,3225,0,723,1387,0,126,1392
41307,8382,0,0,0,0,0,0,91745
366000,2131698,2208189,2501141,2982175,2086153,852645,0,0
1010,0,0,0,0,0,0,0,0
1159,1082,1758,0,0,0,0,0,0
4200917,4479461,4863723,4750427,5183795,7112575,5603533,6150552,6254142
4486,10745,0,6549,980,13518,2220,9260,3440
25000,0,0,0,0,0,0,0,0
99447,171081,305662,0,0,0,0,0,2106582
37211,17165,13501,25450,18941,23252,30766,30513,22457
1017180,677528,577776,437628,228000,120000,32250,62250,0
197584,149027,216662,127029,127900,230349,543061,262511,343751
18823,40511,61665,16000,0,0,0,0,0
272143,13258,66560,0,0,0,0,0,0
1483,1262,0,0,0,0,0,0,0
2324,4247,325,0,0,0,0,3810,10722
2300,0,0,0,0,0,26018,78869,115921
14700,0,0,0,0,0,0,0,0
85,0,0,0,0,0,0,0,0
80,0,0,1000,0,0,0,0,220
1459,0,0,13585,2711,0,3295,3448,11717
727282,846077,1361733,1111449,1298902,493469,942586,1145643,462341
20920,0,23924,0,0,0,0,0,0
8818,26559,15007,72615,141564,147646,95850,78630,24000
3339321,237820,0,0,0,0,0,0,0
20240,158703,97812,210206,121000,281893,67964,20122,133675
55510,99735,48342,34531,89081,139792,204358,59524,141719
70940,32147,0,0,0,0,0,0,0
8065,8638,4481,5833,0,3481,9474,0,0
135273,296065,351302,381719,407359,173690,48234,0,3750
11037,0,0,0,2629,0,810,0,0
53852,0,68600,0,12878,0,3996,0,0
69084,155018,333614,504559,536667,219876,374570,301521,543219
36120,0,0,25374,0,1402,95153,172812,274
351,0,0,0,0,0,0,0,0
6942,9621,29182,1972,0,0,0,1702,0
13056,0,0,0,0,0,0,0,0
83473,105106,113082,23078,89675,100363,0,0,2853
4997,6863,0,4016,7200,0,0,0,0
9080,1720,0,0,0,0,2351,0,0
545667,483971,177675,42055,13350,0,0,0,0
262085,0,0,0,0,0,0,0,0
4060,0,0,0,0,0,0,0,0
1775,0,0,0,0,0,0,0,0
966,0,0,4545,7991,19991,17085,16538,31055
17664,0,0,0,0,0,0,0,0
443652,364546,297932,284892,184666,246582,142884,15450,0
36300,0,0,0,0,97,0,0,0
4560,20960,7500,0,0,4800,0,0,0
222978,211155,213554,149805,95430,0,0,0,0
231200,575987,954640,0,403200,1046640,0,21050,1391046
92456,161657,195178,396619,606407,522340,713840,435310,478272
2175,3050,4499,590,0,150,160,0,0
233080,828362,809549,1277658,3719765,4195315,9549247,13545083,11048802
15876,0,0,0,0,0,0,0,0
21200,36708,279365,199658,6253,0,7057,0,0
39841,14979,0,0,0,0,0,0,0
224600,0,0,0,0,0,0,0,0
186300,13250,0,0,21417,73059,207176,65824,139005
28120,0,0,0,0,0,0,353,0
1757,8993,22017,12152,7200,8191,0,868,0
9910,1402,2031,0,0,0,0,0,0
478285,515889,607347,309455,508459,461226,472197,505783,663694
250043,490751,1355063,1392430,1641619,2478498,2502489,2863753,2786338
99492,84325,36410,25198,3983,7905,4872,0,0
1279644,1286486,1355916,1105605,962039,936035,1172740,699569,729533
133035,204721,324030,303876,419149,163430,212526,290162,427362
45876,15876,0,0,0,0,0,0,0
4146,0,0,0,0,0,0,0,0
30838,6070,1450,2100,4985,0,0,0,0
480,1371,3284,15120,4080,600,0,700,0
29914,116263,77303,103596,141954,326226,177608,219445,289287
157,4554,0,35161,33319,13293,0,0,0
9986,23100,6000,0,0,0,13890,24520,38424
294145,296432,374551,439873,471038,622109,939326,440334,504008
38599,45326,63251,33566,37190,30860,24962,9200,6384
5150,14947,2638,6561,0,0,0,0,3392
660800,0,106350,0,0,0,523700,338561,480299
229,7602,0,350248,787,121880,0,71658,0
513,0,0,0,0,0,0,0,0
48258,706718,331919,677943,976934,802426,739899,852507,975018
2431232,1411987,518652,241084,157317,218239,0,0,0
116,0,0,0,0,0,0,0,0
303135,152360,0,0,0,0,0,0,2815
12894,0,0,0,0,0,0,0,0
100,0,0,0,0,0,0,0,0
40783,229163,207789,129439,229706,123301,157593,256772,71833
72784,93041,79711,65392,67036,75082,35694,20830,65447
60645,16050,0,0,0,0,0,0,0
275039,282807,227749,120834,93037,79919,95473,60009,73974
1770,0,0,0,20324,0,0,0,0
12521,41941,2575,3682,0,7952,0,38045,98181
29843,20749,12360,1971,3854,3238,1740,2278,3147
5192613,6579939,7004422,6250518,6322462,5981225,5508730,3632929,1206918
1067820,1425240,1039824,926400,500430,347400,153600,57600,38400
172930,266784,2276,0,0,0,11941,0,997
165876,213504,352008,380379,350128,138126,316634,287050,167252
11980,2313,0,0,0,0,0,0,141413
11719,30735,21111,24852,11850,1852,5023,83324,169930
6133,13635,2310,1512,475,0,0,0,0
605800,484526,537040,432000,69000,0,0,0,0
121090,70750,159220,113200,21000,0,0,0,0
550325,317065,576160,885371,1323228,250718,706947,536973,348555
342750,696293,817432,733555,414758,175767,446889,419882,314989
28333,21413,3105,0,0,0,0,0,0
132695,107690,110303,129670,162079,97626,145191,106370,135162
498997,6565587,4393290,2361650,68252,2913,7134,0,0
647595,224741,223485,0,0,0,0,0,0
109690,13263,0,0,0,0,0,0,0
396598,0,0,0,0,0,0,0,0
6072,0,0,0,0,0,0,0,0
2587186,1958329,2733357,2667153,2908113,3173146,3056842,3055216,3052674
41600,31600,1054,17946,35595,0,0,0,0
10807,6428,1383,2431,0,1620,0,0,0
1315,0,0,2811,0,3306,26842,5307,16278
240,290,1570,95,350,0,0,0,0
15484,0,0,2122,0,0,206692,47694,0
11157,20036,0,0,0,0,0,0,0
226713,116393,56095,34240,45401,222770,173269,160157,24000
3562,3014,1684,0,7526,0,0,0,0
105876,180000,204708,135792,101157,293099,279331,246504,164223
486571,371211,422895,386440,437290,453558,627190,387335,453293
1468,0,0,0,0,0,187,0,130
231959,324120,508722,336800,145523,116930,38240,36614,0
601540,624380,689950,731240,623309,577058,198755,184640,262550
20000,204100,40000,1502327,11800,113575,523135,2106531,3223997
7206,128097,22213,0,0,1534,3503,0,8739
18338,11531,5155,7917,1530,21643,25989,64126,140085
435632,814138,1246735,265387,163951,424559,521285,724964,288130
1035058,1586699,1525008,1844837,1304133,1017932,2086254,2370411,1687617
4790,5622,1133,0,1718,1052,4421,13947,10125
25272,18680,3981,3702,0,0,16353,0,21284
134400,54000,0,0,0,0,0,0,0
50,0,0,0,0,0,0,0,0
2662,0,0,0,0,0,0,0,0
27941,79517,21251,89745,84330,121844,166318,58108,60060
255546,246393,214399,185600,184670,142747,164187,218193,235282
3467,0,6256,23845,0,0,19152,13106,487
150,4090,123320,11550,12010,0,0,0,0
5165,25755,36099,24390,8264,0,0,0,0
36180,246282,32385,8022,0,18088,290236,107142,24021
217,0,0,0,0,1925,1969,0,0
24280,13499,1254,2508,0,0,1530,4330,20876
963,0,0,0,0,0,0,0,0
153,0,0,0,290,0,545,1304,1018
13151,18214,9480,9261,12044,6461,2217,16993,11647
1553,1378,925,849,1260,498,1114,0,0
4703477,6271032,7122657,7212334,7033722,7886369,10828727,6948222,6436127
1776,0,0,0,0,0,0,0,0
1122558,2137137,4038108,4285914,3875733,4661616,6565141,6200472,8403501
18425,7207,0,0,7200,0,8900,0,0
147140,49000,50000,97000,0,49000,0,72000,122200
9168,0,0,6558,0,0,0,0,1767
1000,7181,0,0,0,0,200,320,6754
2997177,2531381,2904314,2641552,3421523,2792016,2210220,1999789,471009
1052558,1653885,1957655,2134671,2846558,2186741,4507946,5303099,7220327
12220,21561,54257,0,0,0,0,0,0
35503,65024,48975,23371,19193,15583,17778,49437,38173
18250,2680,6330,0,0,0,0,0,0
296372,299765,464308,319680,302618,169629,149459,242974,301759
962,628,0,0,0,0,0,0,0
62075,74570,20914,1516,0,0,0,0,0
9288,111706,41326,12683,56621,55891,24176,12881,21779
9455,5495,15209,8341,17438,0,0,0,9000
5953,12471,0,0,388,0,0,0,0
435261,729372,947744,975120,1061881,809927,667858,1136246,1776791
12195,0,3666,0,266,0,0,0,0
109967,170465,133443,253781,275052,438453,624582,353440,299608
1086007,1434545,1285699,1551734,1562623,1210061,1761393,1606980,1746482
7835,0,0,0,0,0,0,0,0
1363760,1292062,1080234,1632823,1551727,1717956,1795928,1847814,1699906
380,0,734,0,0,0,0,0,0
294418,60489,1265,17825,56706,156,1170,12117,78793
41445,0,2709,0,0,0,0,70573,18986
188800,85137,148000,0,747600,592506,46130,226400,48000
78018,0,0,0,0,0,0,0,0
147648,151184,117098,50160,55376,52446,117654,94901,145350
1846,1261,6843,0,0,1993,35735,0,0
400,12339,0,0,0,0,112,382,0
501382,228256,299730,154201,329214,117833,1219791,1108321,207001
15970,0,0,0,0,0,0,0,0
1413628,1513289,1470294,2172345,1716353,1044550,1314147,1157217,1292564
128000,89180,88944,0,0,0,0,0,0
1708,3276,14309,17035,0,14875,29712,1217,0
206000,357500,322000,568300,155180,202489,513597,767808,470336
3353830,3962064,4902574,3988860,4185712,3831341,4744141,4174005,4586459
991,2144,10080,1334,9670,2727,9602,124,1474
234052,0,0,0,0,0,0,42900,0
383626,294687,279734,393581,387094,270718,336364,534680,406264
9303787,9992181,10554448,7148675,7058930,7474790,8600290,10819126,9718780
250,220,0,0,0,0,0,0,0
1122985,1793551,1477714,1280539,1670333,2258010,2123543,2601689,3299330
1835,0,2600,14085,8855,6990,11825,3010,9675
800,1550,0,0,3871,0,0,0,0
24012,31313,49383,37967,12467,0,0,49738,81668
2071952,2653742,2549390,3401208,3306954,3614404,4385239,4046554,2562877
283158,1131940,2035158,1444591,998632,1188645,1152740,365500,363000
80221,39811,46943,18576,11808,18253,4936,8713,50017
52594,22906,0,20130,3543,58675,105514,79683,35298
12126,12600,19200,0,199,0,0,9657,0
14000,0,0,0,0,19315,0,0,0
6897,11281,23468,56535,41942,15306,7200,30761,34782
20,0,0,0,0,0,0,0,0
825,0,0,0,0,0,0,0,0
4763871,5457897,6629300,7195080,4168988,4509927,4977764,3216635,1922972
132998,0,0,0,0,0,0,0,0
1820,13162,14626,0,0,0,0,0,0
4542,0,0,142,853,0,0,0,0
27877,13447,7357,7103,6109,9390,10616,5658,783
44019,22588,20672,22406,3200,0,5525,3037,19068
5040,0,5380,4800,0,0,0,0,0
6562,4663,5283,1192,0,6834,0,724,1676
131534,0,79000,52000,55000,49516,90563,77574,28624
9670,2000,2000,0,0,0,4718,0,0
10858,4589,0,0,0,0,0,0,0
901,0,0,0,0,266,0,1470,0
132573,153808,132861,88467,95577,41558,73063,77562,19921
277137,468538,530144,579988,907721,935882,864909,461559,881324
31017,46034,13794,12561,67540,633,0,0,0
285000,178000,136751,45000,47875,94626,8999,0,0
19000,0,0,0,0,0,0,0,1143740
11805,26818,39797,12423,0,4672,0,0,0
14944,12876,15159,9551,370,0,0,314,0
35768,11666,0,8364,27632,19917,21338,21412,17444
8684,0,0,0,0,0,0,0,5695
1567621,1905730,3369463,3622660,1799020,2346509,2282224,1802456,1028350
10176,8781,0,0,21957,0,4055,917,0
3276789,3764611,2787369,3324070,2813071,2052069,2663800,3156584,3384672
90933,347453,120223,240565,70902,572590,282159,367275,312463
17267,0,15384,0,0,6281,0,0,0
16519,8720,8445,0,16602,29161,4521,4833,8857
102350,129850,71769,18369,38683,26714,3580,0,0
160735,86007,115920,46371,46508,14535,33942,7502,51270
52203,0,0,0,0,0,0,0,0
14569,34653,17119,25925,26983,39814,69593,66616,44423
8800,0,0,0,0,0,0,0,0
49217,25059,23186,39412,10088,12639,9476,15623,35228
15000,0,0,0,0,0,0,0,0
2380,0,0,0,0,0,0,0,0
8022,0,0,0,0,0,0,0,0
1313123,1992971,1859392,1770897,1482300,1281479,2658913,2808754,2115464
112000,0,0,0,0,0,0,12360,0
196752,90000,66576,0,0,0,0,0,0
558350,85601,165202,54000,0,0,224641,372830,483790
411,0,0,0,0,247114,109886,0,0
315000,415500,618000,578169,692600,456335,716700,182300,413600
1586,0,0,0,0,0,0,5323,0
3574,1065,1995,0,0,0,0,0,0
714130,689944,349038,0,0,0,0,0,0
92036,328693,441864,492500,0,0,0,0,0
365,0,0,0,0,0,2712,0,0
1341722,1695462,1789629,1213896,1048400,924600,644839,840710,528250
13775,0,0,0,0,0,0,0,0
386654,420914,512892,257194,214168,91778,8200,0,0
1024,703,985,231,1485,10026,29747,22426,12208
114360,65456,51212,15151,18517,0,0,0,0
37239,64556,45202,14210,4548,0,0,0,0
449,0,0,825,0,0,0,0,0
61440,55982,59920,2280,25045,0,24997,24937,38829
684500,864350,1381875,1856433,1203571,1912359,1759803,2883676,6377557
7911,12022,0,11450,0,0,0,8304,29568
8400,0,0,0,0,0,0,0,0
5618,1597,5313,19577,16093,16944,34502,14031,17718
4805,3240,366,1530,318,10516,5827,12347,697
3861,0,0,0,0,0,0,0,0
2608,7376,468,1378,3447,3850,13682,0,3731
3992,13026,0,0,0,0,0,0,0
2223,0,0,12170,0,0,0,0,0
15742,0,0,18439,322858,70775,332258,286973,233877
35790,0,0,0,0,0,0,0,0
378556,296839,45349,0,0,0,0,0,0
91072,130225,164816,96762,119042,173892,251711,207219,141507
299944,288362,176860,0,0,0,0,0,0
560,0,0,0,273,231,0,0,107
9832,59399,104109,109968,122578,198492,52080,31763,63505
1725,125,670,400,0,300,0,1000,450
5910,4793,2465,1184,2013,1125,2077,0,0
496929,242575,186442,132296,192359,105832,106349,187006,161238
199,249,413,0,0,349,3229,7775,0
109310,294088,1657250,3428453,489115,387778,266437,314856,133912
8067,3130,0,22260,17663,30603,13832,0,9592
55891,69154,78034,261156,32017,5481,114469,42109,49946
54700,0,0,102300,0,0,0,0,0
143333,103528,85377,71354,35660,36741,46670,45380,54306
100,0,0,40,0,0,0,0,0
29781,32758,37248,3324,1635,13717,5740,11650,10151
134368,79920,29040,14138,47340,0,23680,0,0
55552,24217,36658,24298,35414,21914,60394,18775,44681
73252,116603,270002,133084,327908,355379,91447,283059,276294
3759,0,0,0,0,0,0,0,0
4028,2649,9142,2902,0,0,438,0,0
7964,50929,8120,0,0,0,41681,0,0
615507,638491,538235,527126,572348,409197,385798,526980,546689
115417,176761,192912,158624,3590,7200,0,0,0
2920,0,20711,580,958,6195,3356,3080,250
7112,9241,8109,6597,10955,6447,4028,5842,8689
1316224,1194790,1347292,1510501,1548960,1477802,1546514,1672437,2353694
700257,807483,867962,496890,803796,572732,516121,411147,516253
100116,68200,367700,10000,70000,73200,0,0,0
688032,666304,915536,581388,577332,431727,542757,140625,32326
54,885,2888,13509,1416,5071,3864,5201,2975
825,2483,0,0,0,0,0,0,0
6647,12197,1170,0,1211,0,7162,7531,4975
318145,0,0,0,0,0,0,0,0
2488,2433,3176,400,2216,788,0,1477,478
1250,0,0,0,0,0,0,0,0
626,228,1290,873,466,175,663,1333,0
72597,95809,43365,858,2878,22379,12815,76141,45988
1054,8201,27233,58715,101204,22871,7366,955,17282
3232,20415,0,0,0,0,0,0,0
64570,0,117377,0,19755,0,0,0,0
23000,24000,23976,0,24000,73100,50520,48000,76000
11375,63668,95686,67431,82707,21746,0,0,0
2661,4949,3895,12067,20420,20637,8087,8854,0
34275,59208,52107,11070,23848,8174,14035,9716,0
22562,20741,6849,11538,14070,1203,9235,21038,5669
5200,0,0,0,0,0,0,0,0
387264,219424,188760,189414,236388,124380,48398,0,0
1132266,924312,1139667,1062854,1179314,1094862,933586,1098932,1065459
225,0,0,0,0,0,340,1125,0
3227620,2692738,2719705,3031614,3788060,3184655,2794514,2818088,3070959
301475,593485,3836424,794482,660049,1326442,2104027,2322315,2967456
15876,0,31752,15000,0,0,0,0,0
40000,1021200,1309850,1459700,313400,0,625790,113500,0
1900,1520,0,0,0,0,0,19700,15658
2069,72,3691,0,898,10861,13089,28112,17647
887339,878070,636356,484000,208810,249040,28000,0,0
139294,108290,162637,93363,124152,107582,50584,50822,50188
79391,47173,58466,72016,45457,56602,58486,20125,71379
2969,6531,0,0,0,0,0,0,0
2554,1766,60483,102818,120765,109199,18925,127376,101452
750,0,0,0,0,0,0,0,0
19759,37157,6063,0,0,0,0,0,0
217794,376295,34191,48273,96817,312561,370579,23959,57317
731,1992,6009,303,0,0,0,0,0
11270,67850,126875,0,0,0,17340,0,406
33180,410595,818525,596214,591229,775328,613710,980664,991354
24000,24000,121189,165500,106901,249922,193506,149773,145551
37708,27478,21071,75640,21566,18471,18658,68004,39780
24175,313830,74880,0,0,0,147399,156698,0
840806,671459,734230,175415,0,0,0,0,0
172,0,0,0,0,0,0,0,0
15895,27809,36175,36125,24400,12000,24800,46399,24800
4714,3995,94780,191046,0,0,0,0,2286
3401,6446,0,0,0,0,0,0,0
2725,4127,0,0,0,0,0,0,0
1280,0,0,141,0,0,0,0,0
6235,91129,56562,0,4648,13165,637,0,0
6000,0,0,0,0,3000,0,0,0
33842,140140,64493,0,0,0,0,0,3606
9900,0,3250,3425,4224,0,5100,0,11641
253906,383388,552797,365326,600016,417102,556372,341077,791383
25312,0,128097,154659,252144,232215,128067,209894,170752
2030,2325,10759,450,3850,400,5100,6550,3170
712,0,0,0,0,0,0,0,0
9045,6983,30542,13025,44829,25315,27410,18390,14304
307766,829096,513278,586945,1078464,1153519,1955028,1424013,751116
129880,0,0,0,0,0,0,0,0
3393,21033,4132,9640,9087,0,0,0,4350
8636864,22539379,28722169,26076051,26198011,20965251,39244921,18055354,15740204
1775611,1749974,2172295,2026583,2042224,2318345,1833086,849364,33999
280,280,0,0,0,220,430,1395,1435
3710,0,0,0,0,0,0,0,0
55049,60443,21951,0,58123,32992,7206,27001,21455
3692047,5397167,4814087,5875746,5177574,4538721,4690267,1553437,3898220
131407,182779,427479,190173,340529,522543,379317,626531,598547
23336,4716,0,30590,0,0,0,0,0
37200,0,0,0,0,0,150599,0,0
5282,8307,5361,2660,886,0,13741,1331,0
2537,0,0,0,0,0,0,10529,0
430,0,0,0,0,0,0,10079,28123
29840,213260,138990,153895,0,0,0,0,0
13312,21164,25559,46666,10135,6307,21624,41223,72615
5688,4587,7600,0,0,0,0,0,0
260560,259064,164460,130301,107019,111250,93310,83522,38049
574480,975208,607800,907605,772600,597462,1182754,2111904,1402964
787,464,3287,397,209,311,0,0,0
52065,318951,267811,186304,184522,225061,67441,67306,136417
8805,5117,0,0,0,8967,31825,62438,8475
25926,29660,49887,41277,63827,73632,64337,63245,42970
425,0,450,0,920,1385,3494,3420,2270
6250051,5898398,7673256,8978701,8222807,7210501,9768512,7390829,6899830
3129,0,0,0,0,0,0,0,0
183395,88696,156591,123448,136137,77667,131652,173125,186735
1689760,1792415,1794385,1508383,1813848,1513204,2412491,2131882,3705082
6279,0,0,0,0,0,0,0,0
30662,53000,35756,49021,69560,29431,18181,8939,28230
2362360,2535191,1837124,0,0,0,0,0,0
904,900,1193,0,0,7750,0,0,0
808755,994582,1042697,903578,1074271,816602,748459,517656,425680
233742,349942,419547,806375,1020671,506834,469274,377272,525929
2085608,2524282,2756071,3427047,3855425,3175198,5718530,4382075,5561369
1586992,1522188,1505972,1675317,789478,319758,894032,1711008,941099
73404,41335,51732,87706,108687,124535,131198,155537,165229
23717,24314,79100,63586,32443,70699,142271,41886,111789
3935,1832,7189,1261,7533,3200,21052,3535,0
56000,0,0,0,0,0,0,0,0
134785,92549,43679,3253,12365,0,0,0,0
7751,0,3350,0,3950,1050,0,0,0
14370,5459,5960,0,5227,0,18733,12375,293
279004,572990,680834,365367,290549,432670,749549,416808,705687
5636,0,0,0,0,0,0,0,0
254,28303,19137,0,31649,0,38550,0,0
154828,101617,111033,57820,46185,44307,65133,27558,35135
370131,270800,463908,282058,302362,554003,923747,735650,687269
124256,134263,78671,6863,0,0,0,0,0
2353,11085,3275,7349,5460,0,3255,0,0
3300,0,0,0,0,0,0,0,0
179569,322279,267971,404969,391710,490569,320066,61404,69394
16903,0,17175,68,0,0,780,0,0
1400,0,0,0,15750,0,0,0,98
6967,0,0,0,0,0,0,0,0
2064,0,0,0,0,0,0,0,0
1444237,1871525,1659382,1420372,1585071,1972619,2774974,2958967,2673956
6350,9140,35081,6240,15868,6070,7050,18100,16806
340849,291821,0,0,0,0,0,0,0
16434,25518,22733,31358,14881,12441,22867,70113,16147
960682,460386,808130,754738,1116756,1678297,1826594,2098881,1334068
279,80,352,0,195,0,0,2873,0
10686,17,0,1234,2072,1388,8262,17173,9346
1636755,1775998,1621093,218612,27000,334885,479644,847287,25500
19066,46967,89336,1358,4200,300,16090,0,0
275,833,2719,0,0,1175,0,0,4150
1737030,896289,375589,116823,63579,98940,130422,0,0
720,0,0,0,0,0,0,0,0
12278,11406,18425,0,0,10223,0,33251,0
398338,428133,436444,415314,324753,116034,140177,189853,246177
122162,166777,177341,142746,213570,252707,641619,798592,510438
962,1381,86417,16395,0,53542,35803,282233,0
39726,0,2659,0,6390,2032,374,2121,1427
433754,466631,658544,741680,753012,970610,871911,728258,747119
4200,0,6700,4400,0,0,0,0,0
32674,41765,14224,69494,136246,90176,95595,178564,273473
21505,21000,0,0,0,0,0,0,0
2755,0,30421,0,0,0,0,0,0
76875,169975,169748,164344,118944,99585,121395,153467,98304
46640,0,0,0,0,0,0,0,0
0,56978,8520,0,0,0,0,0,0
0,30160,0,0,0,0,0,0,0
0,2250,0,0,0,0,0,0,0
0,431,0,2008,0,1958,4958,3182,2811
0,28350,0,0,0,0,0,0,0
0,54,28013,47084,60401,11163,33519,48814,43771
0,9130,0,0,0,0,0,0,0
0,5313,9226,7220,9682,30190,0,0,0
0,100,0,0,0,0,13892,21265,0
0,500,0,0,0,0,0,0,0
0,15876,186132,197751,505458,378126,743730,690000,531750
0,89600,0,0,0,0,0,0,0
0,43859,0,0,0,0,11144,18938,0
0,3200,0,0,0,0,0,0,0
0,18732,14967,32890,72175,185488,176115,312326,344580
0,19535,0,0,0,0,0,0,0
0,389,4490,0,0,0,0,0,0
0,7200,27100,0,0,0,0,0,0
0,4284,0,0,0,0,0,0,0
0,167640,98050,322134,340280,269182,173720,296094,1093600
0,1106,0,0,178,3,0,3496,7102
0,1200,0,0,0,0,66701,254651,107403
0,19942,0,0,0,0,0,0,0
0,293856,366500,1106750,421000,508090,987425,2916482,5469820
0,1027,0,0,0,0,0,0,0
0,3262,0,6016,7040,0,30449,32842,34771
0,747,0,0,778,1273,13879,12597,1151
0,1650,0,3037,12171,3867,6823,7858,2735
0,17000,0,0,0,79100,1759702,1234700,1513950
0,140500,128500,0,0,0,28000,59120,0
0,949,2078,0,4255,125,9932,2180,18884
0,70556,6831,0,922,12798,33008,34866,46622
0,3322,19545,0,19579,123375,414780,194736,241370
0,299128,769527,1195144,1125376,224860,268200,151000,658500
0,4998,0,0,0,0,0,0,0
0,9050,0,0,32300,4900,8750,0,0
0,348,0,0,0,0,0,0,0
0,22028,0,0,0,0,2299,0,0
0,112978,928938,3104656,3084700,1391615,2816553,1893968,998530
0,1051454,2149729,2136278,243133,344277,513338,1086884,207798
0,2432,5656,0,0,0,0,0,8076
0,3974,3114,0,0,11729,31907,0,0
0,1093,5194,0,0,0,5575,51747,77683
0,19231,1630,0,0,0,0,0,0
0,1232,0,0,1368,1141,7185,2690,2193
0,419,0,0,0,0,0,0,0
0,29576,6897,0,0,0,0,0,0
0,653,1573,1825,14100,2446,1163,0,1301
0,1503580,902594,0,0,0,0,317945,0
0,376,330,0,0,0,0,475,0
0,2111,0,0,0,0,0,89185,96178
0,1254,0,0,0,0,0,0,0
0,588,0,0,0,0,0,0,0
0,2349,142,5123,7200,0,0,1166,0
0,2476,0,0,0,0,0,0,0
0,5240,1379,0,0,0,0,0,0
0,2688,0,0,0,0,0,0,0
0,760,0,0,0,0,0,0,0
0,197,143,0,0,0,0,2673,5403
0,3030,0,3640,0,600,2000,2457,1636
0,47137,4624,0,0,0,0,26017,0
0,27550,0,0,0,0,0,0,0
0,183750,131300,0,0,0,0,114524,28525
0,275,0,0,0,0,0,94,0
0,990,0,0,4260,0,3146,312,0
0,1800,0,0,7418,0,0,0,0
0,233100,51800,0,0,0,0,0,0
0,5973,0,0,0,0,0,0,8462
0,9051,0,0,0,0,0,0,0
0,1050,96010,85363,96722,0,0,0,0
0,6205,1597,0,0,0,300,0,0
0,603,49,0,0,0,0,0,0
0,22000,0,15571,33517,46838,0,0,0
0,325,2815,2551,835,3156,1168,48325,3671
0,218,0,0,0,2510,0,0,0
0,21983,20050,20540,0,21399,0,0,0
0,3090,9356,2033,6742,4959,453,4622,9607
0,2597,661,0,0,0,2481,0,0
0,32797,88103,57712,0,0,0,0,0
0,126795,52903,0,0,0,0,0,0
0,13115,0,2176,400,22199,96603,150748,77123
0,373,0,0,0,0,0,0,0
0,5047,14307,0,5693,16273,22449,13343,31515
0,76400,69580,0,0,0,27000,28000,27100
0,1849,0,0,0,0,0,0,0
0,39451,261296,385502,1443555,1402072,3740746,3161476,3613002
0,61060,37608,16830,47311,44937,91149,15751,17040
0,7292,9500,0,0,3185,3422,0,1760
0,25600,67329,32701,11114,14750,27144,22590,59208
0,865883,395180,34960,0,53000,54162,44825,55460
0,4100,0,0,0,0,0,0,0
0,500,0,0,0,0,0,0,0
0,28325,0,0,0,0,0,0,0
0,4500,0,74378,121728,0,10480,0,2825
0,8840,3400,0,0,0,0,0,0
0,5109,0,0,0,0,0,0,0
0,1200,0,0,0,0,0,0,0
0,11250,49430,51646,15227,7557,14480,26652,8143
0,25753,29815,0,0,0,7781,5100,0
0,3393,0,1100,0,0,0,0,2752
0,43000,0,0,0,0,0,0,0
0,1186,0,0,2205,0,0,0,0
0,1540,0,0,0,0,0,0,0
0,7200,0,0,0,0,0,0,0
0,83700,28550,27300,0,0,0,0,0
0,42600,60348,0,0,0,0,0,101195
0,8035,0,0,0,0,0,0,0
0,43685,69231,43092,63645,17223,32722,10580,56435
0,5244,0,0,0,0,0,0,0
0,17168,51777,125880,18113,21623,0,0,0
0,1518,0,0,0,0,4904,0,0
0,100000,60000,84800,85930,200200,203430,2120,21200
0,21368,22118,9603,0,0,0,0,0
0,626,0,0,0,0,10866,0,0
0,6928,9199,0,0,3858,2923,0,0
0,3104,20265,22079,0,0,0,0,0
0,156,0,0,0,0,0,0,0
0,616,2102,6646,0,15854,57916,31472,478
0,162521,47246,0,0,0,0,18000,20250
0,21000,11600,0,0,0,0,0,15834
0,3565,0,2592,7128,210,4395,63408,107335
0,13400,0,0,0,0,0,0,0
0,5850,2680,4510,7000,0,9000,420,750
0,13200,0,0,0,0,0,0,0
0,284,0,0,0,0,0,0,0
0,220,934,0,0,0,0,0,0
0,1756,0,0,0,6766,120,6359,1350
0,440,0,429,0,0,0,480,0
0,9200,7052,0,0,0,0,0,0
0,4500,0,0,2424,0,0,0,0
0,7744,0,3495,0,0,0,0,0
0,12000,0,30000,15000,0,0,0,0
0,428,0,26644,0,0,1588,0,0
0,4240,9736,4054,0,0,1101,0,2222
0,32151,48000,0,26000,0,0,54000,0
0,13359,0,0,0,0,0,0,0
0,11182,63557,5303,0,0,0,0,0
0,1442,0,0,0,0,0,0,0
0,575,0,0,0,0,0,0,0
0,1717,0,0,0,0,0,0,0
0,28415,123661,186384,402007,38275,0,0,162899
0,15022,0,0,0,0,0,0,0
0,275,6400,0,0,0,0,0,0
0,10104,0,0,0,0,0,0,0
0,7951,0,1950,6588,5435,1205,2464,0
0,5707,0,0,0,0,0,0,0
0,162600,200400,195510,0,897940,1555060,843420,0
0,10350,5060,5255,0,0,0,0,0
0,25918,995,0,0,0,2165,12234,0
0,7943,4511,0,0,696,0,0,0
0,220000,32500,0,0,0,0,43290,0
0,3838,13780,0,2364,0,5467,8588,15564
0,380,460,0,0,48612,27848,12097,22150
0,27500,0,0,0,0,20609,55398,31996
0,3713,2948,15149,816,0,0,0,0
0,991,5500,38393,25594,16148,0,0,0
0,495,0,0,0,0,0,0,0
0,39600,15800,0,0,0,0,0,0
0,450,0,250,0,0,0,0,0
0,14732,14545,15000,0,0,0,0,0
0,46929,182793,157081,28800,0,0,0,0
0,1089,0,0,0,1885,0,0,0
0,14000,0,0,0,0,0,0,0
0,52300,0,0,0,0,0,0,0
0,3594,0,0,0,0,0,0,0
0,46000,0,0,0,0,0,0,0
0,17267,7664,4294,0,0,0,0,0
0,96824,299500,26000,0,0,0,0,0
0,7393,0,9975,78,0,0,0,0
0,119850,0,0,0,0,0,0,0
0,2000,0,0,0,0,0,0,0
0,5110,2063,0,0,0,0,0,0
0,20351,43311,53441,0,0,0,0,0
0,1165,0,0,0,0,0,0,0
0,1002774,1660497,1103894,1428531,1455597,916298,1189983,855602
0,582,0,0,0,0,430,0,0
0,11701,0,0,0,0,0,0,0
0,4610,0,0,0,0,0,12806,64936
0,15749,14655,12922,31925,53902,55451,0,0
0,27580,0,0,0,0,0,0,0
0,28368,0,0,0,8828,0,0,0
0,460,0,932,3048,1280,5629,201,72104
0,57905,0,0,0,0,0,0,0
0,66,10910,4468,0,0,0,5507,709
0,3624,0,0,3740,0,0,0,20277
0,35222,56922,55659,45570,30760,15511,61778,54308
0,3499919,801050,0,0,86395,30675,364174,272860
0,78400,0,0,0,0,1775,2850,16720
0,11844,3113,0,0,0,0,0,0
0,7466,4357,31888,38116,40774,45804,53912,41180
0,1214,0,0,33359,0,0,18476,74819
0,18600,0,0,0,0,188912,0,66000
0,4091,8900,13131,0,3564,18846,72023,27778
0,9553,8028,5170,0,0,0,0,0
0,1900,0,0,0,0,0,0,0
0,1314,2494,426,0,0,22999,94890,55516
0,4808,45409,26250,8000,255696,45447,0,146790
0,744,0,0,0,4568,15117,13259,1625
0,45300,0,0,0,0,0,0,0
0,135000,0,0,0,0,0,0,1729611
0,1050,0,0,0,0,0,0,0
0,1281,2098,0,0,10004,21572,33036,17451
0,1843,0,6955,3692,4221,0,2756,2509
0,28400,0,0,0,0,0,0,0
0,43801,112199,115171,73898,32414,54466,51809,18385
0,5079,2968,0,0,0,0,0,0
0,1762,2983,8687,11900,10067,18377,13994,17180
0,17681,0,9729,17100,39006,13234,0,0
0,2713,0,0,0,0,0,0,0
0,8152,0,0,0,0,1915,40903,7856
0,8280,23672,28535,34162,2392,15212,31267,22063
0,15880,0,4220,0,0,1305,0,0
0,251388,581280,307558,202008,210326,0,91875,0
0,21000,69000,80550,95200,90400,8150,0,0
0,80,0,0,0,0,0,0,0
0,29736,0,0,0,0,0,0,0
0,4300,0,0,0,0,0,0,8105
0,13300,0,0,0,0,0,0,0
0,599,0,9128,7995,0,0,0,0
0,850,0,0,0,0,0,0,0
0,8710,2665,0,0,0,0,3200,0
0,2858,12151,0,18660,26624,44447,4434,76542
0,96000,0,46000,72760,0,0,0,0
0,106886,154433,342240,489304,0,20405,0,0
0,916,0,0,0,6942,0,2127,562
0,25100,0,0,0,0,0,0,0
0,12320,278,0,112200,0,26325,0,0
0,403700,1067,0,0,0,27580,47973,30465
0,1820,0,0,4480,0,0,0,0
0,43129,70994,0,0,0,0,0,0
0,129420,0,0,0,0,0,0,0
0,521,0,0,0,0,0,0,0
0,2002,0,0,16253,36030,537,0,0
0,6356,0,0,0,0,0,4049,0
0,2458,3081,12851,40517,6718,28800,23729,38786
0,5980,0,0,0,0,0,0,0
0,161730,84314,0,0,0,0,0,0
0,37271,0,0,0,0,0,0,0
0,7702,0,0,0,0,0,0,0
0,32,0,0,0,0,0,0,0
0,3544,53690,37678,84900,86166,78230,0,58230
0,420,0,0,0,0,0,0,0
0,16681,21391,19437,35484,20015,21028,8529,3062
0,5451,0,0,0,0,0,0,0
0,22822,11025,0,0,0,0,0,0
0,27943,0,0,0,0,0,0,0
0,195120,156580,0,0,0,0,45660,1600
0,4180,0,0,0,0,0,0,0
0,56350,27600,0,0,0,0,2358,0
0,1737,2291,1500,2221,1840,517,0,470
0,163,0,0,0,914,0,0,0
0,612,0,0,763,0,0,0,0
0,1120,0,0,0,0,11420,0,0
0,1069,753,0,0,0,0,0,0
0,17590,0,0,0,0,0,0,0
0,4141,20275,2294,3728,0,0,0,0
0,259543,257886,0,0,27710,84010,56530,125090
0,14126,67601,185184,162626,141402,122232,80315,85965
0,5445,0,0,1883,0,0,0,42138
0,807,0,188,2972,3947,2240,0,2446
0,4808,0,0,0,36878,0,0,0
0,2082,0,0,0,79404,26492,0,0
0,11429,0,424,212,255,98852,34743,3600
0,12721,16565,22647,11041,1996,0,0,2395
0,26805,8339,44914,13761,17495,17445,6209,25106
0,125,2373,2856,9398,0,0,4977,8465
0,68051,17749,0,0,115040,922018,507220,914950
0,784000,4589200,0,1214400,2006960,1080720,42200,160300
0,1906,0,0,0,4744,18331,13070,15165
0,540000,0,0,0,0,0,0,0
0,3247,1726,0,0,0,0,1811,4845
0,19370,0,0,0,0,0,0,49523
0,540,0,0,640,0,1300,0,0
0,38,0,0,0,0,0,0,14248
0,1396,0,0,0,0,0,0,0
0,998,0,0,0,0,0,0,0
0,7224,10714,1954,0,0,0,0,0
0,20711,6626,0,7572,0,0,0,0
0,686728,0,0,0,0,0,0,0
0,8000,0,0,0,0,445595,461850,204540
0,75360,78504,0,0,0,0,0,0
0,13200,0,23600,49061,62500,21540,41000,0
0,850,0,0,0,0,0,0,0
0,3532,151,0,0,0,7209,0,16471
0,808,413,1646,0,0,0,0,0
0,10952,81286,17737,74139,66584,18431,10000,21164
0,32467,3031,0,0,0,0,0,0
0,4655000,0,0,0,0,0,0,0
0,980,0,0,0,0,0,0,0
0,5092,0,0,0,0,0,0,0
0,1529,0,0,0,0,0,0,0
0,1350,0,0,0,0,0,0,0
0,1835,5620,13058,11089,1583,4789,11547,2713
0,2755,0,0,0,0,0,0,0
0,0,25750,0,0,0,0,0,0
0,0,1361,0,0,0,0,0,0
0,0,19632,0,0,0,0,0,0
0,0,394,0,0,0,7603,0,0
0,0,5270,0,9414,93756,75922,12947,100757
0,0,96260,10848,34955,0,0,0,0
0,0,16894,0,0,24600,0,0,0
0,0,1884,3398,3713,0,4227,8734,5490
0,0,9992,16047,3200,757,0,0,0
0,0,1534,120,0,0,0,0,0
0,0,1800,0,0,0,0,0,0
0,0,63504,76800,123600,46800,47800,46800,0
0,0,14800,27300,9400,0,870,0,7700
0,0,2100,3100,0,0,0,0,0
0,0,77600,36584,0,0,0,0,0
0,0,3400,0,0,0,0,0,0
0,0,2210,1438,0,0,0,0,0
0,0,28165,0,0,0,0,28500,86390
0,0,26707,50901,7142,0,1148,0,0
0,0,23450,294297,1681999,1496583,2039930,2183923,3842112
0,0,4100,0,0,0,2842,541,0
0,0,7880,0,9264,0,0,0,16199
0,0,546146,0,0,287,95523,0,0
0,0,7322,36296,10561,29416,97186,28077,30871
0,0,7305,0,0,24905,0,18346,36138
0,0,5651,0,0,0,0,0,0
0,0,93000,292000,17000,50280,159000,389500,26000
0,0,2906,0,0,0,0,0,0
0,0,8003,1051,4910,1955,0,0,0
0,0,1360,0,0,0,0,0,0
0,0,52021,0,0,0,0,0,0
0,0,694,0,0,0,0,0,0
0,0,1610,92,0,0,0,0,0
0,0,2235,0,0,0,0,0,0
0,0,16364,61165,31882,220136,139352,129586,84360
0,0,2842,0,0,0,0,0,0
0,0,377,508,0,0,0,0,0
0,0,2648,0,0,0,348,0,0
0,0,1250,0,0,0,0,0,0
0,0,550,0,0,610,6605,644,540
0,0,600,0,0,800,5590,1380,10619
0,0,53920,54367,3987,38876,31300,15604,29444
0,0,2010,0,0,0,0,0,0
0,0,1471,2661,469,238,0,0,0
0,0,891,4110,53,252,0,19,0
0,0,929,4296,0,0,0,0,0
0,0,2151,0,0,0,0,0,0
0,0,136400,192500,28000,0,0,0,0
0,0,47319,15000,0,0,0,0,0
0,0,301990,280650,18000,83200,468530,455000,2946320
0,0,5670,15245,0,695,1100,0,4663
0,0,30524,59481,10499,16969,37116,31082,114478
0,0,143800,28975,0,0,0,0,975
0,0,52000,27000,0,0,0,0,0
0,0,30184,9885,6673,7922,0,7705,0
0,0,15632,0,0,0,0,0,0
0,0,1365,0,0,0,0,0,0
0,0,16495,0,0,0,0,0,0
0,0,55265,0,0,210,932,0,3101
0,0,55000,51820,0,0,0,0,0
0,0,4005,0,0,0,0,0,0
0,0,39593,0,0,0,0,0,12060
0,0,1648,0,15673,70499,282760,407234,619506
0,0,17905,0,0,0,0,0,0
0,0,20700,402200,225800,19900,59700,0,0
0,0,448,0,0,0,0,0,6619
0,0,9455,0,830,0,0,0,0
0,0,8795,0,0,0,0,0,0
0,0,100000,0,29800,68295,147180,21100,0
0,0,1293,0,0,0,0,0,0
0,0,300,334,147,389,0,0,0
0,0,15836,22330,8041,28974,9516,10659,18740
0,0,8796,0,428,0,0,0,0
0,0,1064,0,0,0,0,0,0
0,0,571,0,0,0,0,0,0
0,0,2480,0,0,0,0,0,0
0,0,400,0,0,0,0,0,0
0,0,19340,50010,86684,53832,0,0,30000
0,0,4933,0,0,8036,0,0,0
0,0,11772,0,0,0,0,0,0
0,0,1400,0,0,0,0,0,0
0,0,79700,0,0,0,0,0,0
0,0,90766,504906,337850,374895,629674,30060,6595
0,0,5078,0,0,0,0,0,0
0,0,26084,0,0,0,0,0,0
0,0,9240,0,19550,0,0,0,0
0,0,72690,0,15095,57960,52349,52802,0
0,0,6403,0,0,0,0,0,4620
0,0,168000,0,0,0,0,26000,0
0,0,8279,7065,1465,0,0,0,0
0,0,1963,0,0,0,0,0,0
0,0,58512,0,0,80943,472480,0,23075
0,0,15293,300,0,72664,58963,271750,150309
0,0,20790,0,0,0,0,0,0
0,0,67350,54000,39075,197244,280727,121504,268209
0,0,4260,0,0,0,0,0,0
0,0,63327,136824,97793,8871,6590,9100,18695
0,0,223400,750523,476233,160575,291010,179082,0
0,0,2872,0,9117,20844,0,0,1206
0,0,255110,93680,213550,235510,354470,360515,808590
0,0,5200,0,0,600,1000,5010,0
0,0,82851,0,36320,0,0,0,0
0,0,20000,0,0,299322,0,0,0
0,0,6974,7420,23060,2314,20668,11231,0
0,0,3200,5100,0,0,0,0,0
0,0,2910,0,0,0,0,0,0
0,0,1976,0,0,0,0,0,0
0,0,73023,378157,430480,750068,1408162,1304752,1627357
0,0,1928,18198,0,0,0,0,0
0,0,1213,0,0,0,0,0,0
0,0,8960,0,0,0,0,0,0
0,0,6050,27377,0,0,0,0,0
0,0,81968,0,0,0,0,165493,540606
0,0,2088,15056,0,0,3006,0,0
0,0,27520,0,1075,225615,56400,0,28500
0,0,3117,1137,244,0,0,0,0
0,0,584,0,0,0,0,4881,0
0,0,27825,28335,0,0,0,0,0
0,0,6158,0,0,0,0,0,0
0,0,4581,0,5848,0,0,0,0
0,0,42484,101206,204831,331989,374958,219115,344717
0,0,2210,3200,10425,0,0,0,10180
0,0,40120,22000,14298,28726,0,0,0
0,0,22486,65047,103482,105245,160271,67325,38000
0,0,1670,0,0,0,0,0,0
0,0,72960,0,0,0,0,0,0
0,0,1050,0,0,0,0,0,0
0,0,16863,0,0,0,0,0,0
0,0,108,0,0,0,0,0,0
0,0,3400,0,0,0,0,0,0
0,0,3600,0,0,0,0,0,0
0,0,320,0,0,0,0,110,0
0,0,2500,11590,0,0,0,0,5500
0,0,35699,93953,77813,407734,998939,516855,545265
0,0,78984,0,0,0,0,0,0
0,0,2277,0,0,0,6306,12783,26381
0,0,10778,0,0,0,0,0,0
0,0,2522,7765,23327,9768,0,0,16980
0,0,2291,2070,2715,348,4884,1424,17328
0,0,247,0,0,0,0,7200,0
0,0,11903,18000,20280,9540,3340,0,0
0,0,1569,0,0,0,0,0,0
0,0,6968,0,0,0,0,0,0
0,0,1808,0,0,0,0,0,0
0,0,6781,0,0,0,5575,0,0
0,0,27752,0,12509,26804,19996,0,0
0,0,3918,0,0,0,0,0,0
0,0,20223,0,0,0,0,0,566
0,0,757,3059,30718,23652,12139,28723,25633
0,0,640,0,0,0,1157,0,0
0,0,149323,244879,352924,439108,540245,586607,592797
0,0,230149,163372,105950,48501,24748,140614,85449
0,0,12825,0,26650,0,8700,0,0
0,0,411245,651905,592165,335650,411719,0,0
0,0,8496,30271,13932,16090,0,83027,26336
0,0,41331,46279,57984,32473,2949,0,2814
0,0,3962,157,0,0,0,0,0
0,0,897,2346,0,0,0,0,0
0,0,17859,0,0,0,0,0,0
0,0,462,0,0,0,0,0,0
0,0,533,0,0,0,10949,0,0
0,0,9610,6070,0,0,0,0,0
0,0,1405,980,950,0,0,0,1105
0,0,20511,2332,0,7200,0,2816,21762
0,0,81790,31812,68708,64283,41130,0,0
0,0,3734,35334,41021,13607,0,0,0
0,0,10300,0,0,0,0,0,0
0,0,2700,0,0,0,0,0,0
0,0,7375,0,0,0,0,0,0
0,0,2124810,81070,0,0,0,216231,0
0,0,485,0,0,710,0,0,2022
0,0,494,0,0,0,0,0,0
0,0,2776,2153,0,18353,0,0,0
0,0,19060,2179,0,19365,58795,106209,94668
0,0,76000,0,0,0,0,0,0
0,0,14773,31464,18342,17152,56355,130768,69106
0,0,2694,2727,0,0,0,0,8858
0,0,3715,11198,3671,0,24613,213,0
0,0,41380,0,0,0,0,0,0
0,0,6953,8273,2136,0,1830,4633,0
0,0,50080,1000,0,0,0,1842,0
0,0,4320,5941,0,0,0,0,0
0,0,3,0,0,0,0,0,0
0,0,502,0,0,0,0,0,0
0,0,51000,0,0,0,0,0,0
0,0,6750,0,0,0,0,0,0
0,0,2688,0,0,0,4000,4035,0
0,0,224,0,0,0,0,0,0
0,0,353790,341479,101372,22000,118519,50771,42461
0,0,4182,0,0,0,0,23111,0
0,0,12904,11386,0,33210,80986,89821,28094
0,0,56000,0,0,299540,84180,26000,1269030
0,0,2225,0,4950,0,0,0,0
0,0,6908,0,0,0,0,0,0
0,0,1742,0,13627,404,385802,47179,9291
0,0,5226,0,0,0,0,0,0
0,0,31950,0,0,0,0,0,0
0,0,207,0,0,0,4372,0,0
0,0,1296,0,0,0,0,18394,31432
0,0,18900,0,0,0,0,0,0
0,0,2150,23249,102177,156256,319563,394306,395622
0,0,2940,0,0,0,0,0,0
0,0,163165,0,0,0,0,0,0
0,0,26370,250549,220789,85817,173515,220164,308198
0,0,2500,0,0,0,0,0,0
0,0,45718,84429,182534,169426,117705,87131,177408
0,0,205,0,0,16,0,0,0
0,0,38232,23880,0,0,0,0,0
0,0,712,0,0,11,0,0,0
0,0,15330,20784,23591,4725,10185,0,0
0,0,199,0,0,0,0,0,0
0,0,55000,0,0,0,0,0,0
0,0,13020,0,0,0,0,0,0
0,0,5741,0,0,0,0,0,0
0,0,13502,0,0,0,0,0,1471
0,0,41363,2366483,5265917,5693062,3443758,2786051,5821730
0,0,120000,0,0,0,0,0,0
0,0,40000,58563,50796,25250,50220,25000,0
0,0,160595,19374,63131,23276,27181,99875,31455
0,0,135,0,0,22459,0,0,0
0,0,26000,12608,16491,0,0,0,0
0,0,3752,0,0,0,0,0,0
0,0,4276,6458,3935,8118,17033,7067,0
0,0,168,0,0,14180,62730,85479,132619
0,0,1750,0,3490,0,0,0,0
0,0,4805,0,0,0,13248,0,0
0,0,1593,0,0,0,0,0,0
0,0,800,0,0,0,0,0,0
0,0,2409,97480,13461,40297,168289,157811,109070
0,0,26300,0,0,0,0,0,0
0,0,8887,8473,7962,0,0,1690,0
0,0,10696,21913,14080,0,1974,0,0
0,0,8091,20180,24379,7516,17600,17971,26168
0,0,501,0,0,0,0,0,0
0,0,1000,0,0,0,0,0,0
0,0,4730,6869,10877,141,0,1275,1532
0,0,743,1794,0,0,8581,6215,2450
0,0,13200,0,0,0,0,0,0
0,0,16457,1495,0,0,0,0,0
0,0,4415,0,0,0,0,0,0
0,0,10880,7000,0,19121,17280,203092,25289
0,0,442650,880530,163380,138680,0,0,0
0,0,774620,0,0,0,0,0,0
0,0,8849,0,0,0,0,0,0
0,0,28000,56000,0,84000,0,0,0
0,0,2000,60300,0,10100,20200,5050,0
0,0,54800,0,0,28000,0,0,0
0,0,2070,0,0,0,0,4950,0
0,0,4130,0,0,0,0,0,0
0,0,56895,0,1658,10989,27250,124131,91207
0,0,27582,47305,0,0,10258,9488,16708
0,0,1661,0,8733,0,0,0,6333
0,0,51700,364406,425058,473023,540404,539038,349147
0,0,2054,0,0,0,0,0,0
0,0,148480,98000,0,0,0,0,0
0,0,5543,0,5453,0,10295,0,0
0,0,14787,0,0,2336,20971,30242,5572
0,0,27377,3036,0,0,0,0,0
0,0,1517,0,0,0,0,0,8440
0,0,69214,0,0,0,5554,2349,0
0,0,7648,13389,0,0,0,1980,0
0,0,7677,0,0,0,0,0,0
0,0,110,0,0,0,0,0,0
0,0,141374,5152,8324,131985,36370,3181,58849
0,0,327,0,0,7200,2180,10408,6406
0,0,13500,0,0,0,0,0,0
0,0,22003,0,0,0,0,4314,646
0,0,2882,0,0,0,0,0,0
0,0,6279,0,0,0,6799,8365,434
0,0,831,0,0,0,0,0,0
0,0,24000,0,0,0,0,0,0
0,0,1179,730,260,0,0,0,0
0,0,5650,0,0,0,0,0,0
0,0,7813,0,0,0,0,0,0
0,0,2941,645,0,0,0,0,0
0,0,182550,28500,0,0,0,0,0
0,0,0,574,0,392,0,229,0
0,0,0,128007,133198,112853,60700,48335,0
0,0,0,8000,0,23000,0,15583,0
0,0,0,70,0,8386,0,0,0
0,0,0,27071,28000,0,0,162284,943971
0,0,0,27930,0,0,0,0,0
0,0,0,10948,0,0,0,7130,0
0,0,0,6355,975,2840,0,0,0
0,0,0,36228,46318,29304,19001,38941,0
0,0,0,31340,700,28000,0,0,0
0,0,0,16800,53781,31808,12306,76946,38244
0,0,0,29908,101932,301558,355263,232707,0
0,0,0,28000,55000,0,0,0,0
0,0,0,9224,0,0,0,0,0
0,0,0,2557,0,6496,0,0,0
0,0,0,1530,0,0,0,0,4652
0,0,0,11000,51572,64216,24582,269637,293948
0,0,0,9901,0,0,0,0,0
0,0,0,48000,0,0,0,0,0
0,0,0,14592,54353,86571,89897,32113,35395
0,0,0,230,872,0,0,0,449
0,0,0,22717,137919,3610,20000,7106,0
0,0,0,9000,0,0,0,0,0
0,0,0,7819,0,0,6562,0,0
0,0,0,3607,3980,0,333,0,2568
0,0,0,10550,0,0,0,0,0
0,0,0,2170,15158,15332,46143,12344,22413
0,0,0,8935,0,296,0,0,0
0,0,0,137990,694770,1595210,1134650,247500,92890
0,0,0,2880,0,0,0,0,0
0,0,0,38400,96000,19200,0,0,0
0,0,0,5665,0,0,0,0,3151
0,0,0,17450,0,0,0,0,0
0,0,0,1101930,193000,0,0,0,0
0,0,0,9300,0,0,0,0,0
0,0,0,16179,11047,80675,2968,3854,22000
0,0,0,289,0,0,0,0,0
0,0,0,13660,0,0,0,0,0
0,0,0,785,2022,0,3123,225,0
0,0,0,50130,0,0,0,0,0
0,0,0,9438,332600,170925,89069,799258,1760963
0,0,0,7424,0,0,0,0,0
0,0,0,8700,0,548,0,0,0
0,0,0,534,7521,31764,23446,56295,0
0,0,0,510,0,0,0,0,0
0,0,0,169400,429122,638610,931639,832150,799700
0,0,0,3446,1712,3338,0,0,0
0,0,0,13593,0,0,0,0,0
0,0,0,655,31690,0,0,0,0
0,0,0,47573,94318,20218,50215,0,0
0,0,0,49195,12832,24126,48130,46694,45402
0,0,0,2343,0,5695,62292,106613,74050
0,0,0,11739,12289,0,0,0,5795
0,0,0,6452,227,0,0,0,0
0,0,0,6635,0,0,43891,21236,24340
0,0,0,116345,90708,76852,16074,0,4245
0,0,0,3330,0,0,0,0,0
0,0,0,21142,106222,195587,251955,106553,32549
0,0,0,1910,0,140,1858,0,0
0,0,0,1008,0,0,0,0,0
0,0,0,61794,26000,0,0,0,0
0,0,0,28000,0,0,0,0,0
0,0,0,18210,10152,0,0,0,0
0,0,0,812,0,0,0,0,0
0,0,0,1000,0,0,0,0,0
0,0,0,63000,0,60049,0,50000,0
0,0,0,1800,740,8225,420,4800,2700
0,0,0,1168,0,1787,14400,20463,0
0,0,0,31324,114806,239943,227882,123976,0
0,0,0,7920,3960,0,9467,0,0
0,0,0,224,0,0,0,0,0
0,0,0,2050,0,0,0,0,0
0,0,0,3839,0,1845,23189,19366,0
0,0,0,61000,136482,57857,0,0,0
0,0,0,10569,5660,0,2590,7630,9520
0,0,0,120844,67959,35893,71280,83231,90892
0,0,0,48594,0,9460,0,9523,0
0,0,0,76750,0,27000,802966,2524204,484500
0,0,0,14959,37451,11713,92301,259260,393981
0,0,0,9420,0,0,0,0,3430
0,0,0,27595,0,0,0,0,0
0,0,0,15000,0,0,0,0,18000
0,0,0,8690,8690,2226,0,0,0
0,0,0,3800,0,0,0,0,0
0,0,0,9199,720,0,9446,6516,72755
0,0,0,22080,0,0,0,0,0
0,0,0,7756,68298,110197,26367,23000,0
0,0,0,550,0,2400,0,0,0
0,0,0,226740,0,0,0,0,0
0,0,0,10840,10840,3900,457,0,0
0,0,0,284000,321155,0,50000,50000,0
0,0,0,95708,123050,98400,50020,75000,26640
0,0,0,6494,0,0,0,0,0
0,0,0,5670,0,0,0,0,0
0,0,0,104500,283970,528440,1598908,2596196,1847940
0,0,0,138627,292501,230926,60000,0,0
0,0,0,1450,5443,0,0,0,0
0,0,0,844,0,0,0,0,0
0,0,0,46000,23000,72000,0,0,0
0,0,0,17420,44797,190210,52576,88941,150076
0,0,0,7384,0,0,24125,3071,0
0,0,0,1064,0,0,0,0,0
0,0,0,86,0,0,0,0,0
0,0,0,14032,23215,16481,45262,0,0
0,0,0,23812,27356,0,94,39620,59729
0,0,0,12272,19145,0,0,0,0
0,0,0,17244,0,0,0,0,0
0,0,0,5632,3601,0,0,0,0
0,0,0,5672,0,806,386,0,0
0,0,0,10879,0,0,0,0,0
0,0,0,9904,0,11136,0,0,0
0,0,0,1184,40496,0,0,0,0
0,0,0,6956,0,0,0,0,0
0,0,0,12500,0,0,0,0,0
0,0,0,617385,1327405,2630508,4052013,2773543,266465
0,0,0,57156,15969,191074,153768,31150,91327
0,0,0,159,0,195,0,0,0
0,0,0,9047,0,0,18699,0,0
0,0,0,6190,19795,2560,4536,20093,0
0,0,0,22448,5519,0,0,0,0
0,0,0,19000,0,0,0,0,0
0,0,0,27144,0,0,0,0,0
0,0,0,10400,0,0,0,0,0
0,0,0,40700,0,0,0,0,0
0,0,0,1100,0,0,0,0,0
0,0,0,94450,0,0,0,0,0
0,0,0,12759,7020,6573,14281,25279,0
0,0,0,11000,0,0,1034,0,0
0,0,0,645,2491,24973,18217,0,0
0,0,0,288,104,0,0,0,0
0,0,0,2561,0,0,0,0,0
0,0,0,357642,363418,279685,389811,314785,319074
0,0,0,17916952,27417330,36560126,20042583,10279990,7391800
0,0,0,3345,61212,18478,15647,26350,0
0,0,0,1420,0,0,0,0,0
0,0,0,15115,40102,39135,40628,44297,12000
0,0,0,491,0,0,0,131,112
0,0,0,1216,0,0,24908,11856,10959
0,0,0,48473,104565,162460,189102,200880,211788
0,0,0,68895,92826,10826,43659,122651,110579
0,0,0,446,0,0,2277,17378,2048
0,0,0,26298,0,0,143055,216165,35076
0,0,0,83200,14000,0,0,0,0
0,0,0,27500,0,0,0,0,0
0,0,0,19504,0,0,0,0,0
0,0,0,17680,0,0,0,0,1735
0,0,0,11500,1850,0,0,0,0
0,0,0,76000,0,0,0,0,0
0,0,0,16276,66565,4765,32451,26100,10328
0,0,0,14000,0,0,0,0,0
0,0,0,8813,0,0,0,0,0
0,0,0,118022,89024,0,0,0,0
0,0,0,4423,0,0,0,0,0
0,0,0,7117,3350,0,0,0,0
0,0,0,3494,2631,5672,20381,4547,27098
0,0,0,14637,0,0,0,0,0
0,0,0,48000,0,0,0,0,0
0,0,0,10562,0,0,0,0,0
0,0,0,4947,0,4777,0,7742,0
0,0,0,177483,854060,894458,1030545,1463539,1602252
0,0,0,27276,0,1600,0,0,0
0,0,0,15695,32080,15760,0,0,30000
0,0,0,12114,17678,940,691,2730,9010
0,0,0,890,0,0,0,0,0
0,0,0,2200,0,0,0,0,0
0,0,0,1578,1957,0,0,0,0
0,0,0,52,0,0,0,0,0
0,0,0,6361,9420,105,679,7922,8718
0,0,0,2475,0,0,1962,0,0
0,0,0,5491,0,0,0,0,0
0,0,0,1718,0,0,0,0,0
0,0,0,3180,0,0,0,0,0
0,0,0,27750,0,0,0,235970,33700
0,0,0,2493,0,0,0,0,0
0,0,0,14677,47567,17303,22892,40446,39444
0,0,0,1060,0,0,0,0,28400
0,0,0,679,0,0,1387,0,18591
0,0,0,475,0,0,0,0,0
0,0,0,6082,0,0,0,0,4740
0,0,0,3255,0,0,0,0,0
0,0,0,14502,0,0,0,0,68025
0,0,0,87500,0,0,0,167700,0
0,0,0,6734,0,0,0,0,0
0,0,0,6682,1015,8424,13991,12410,0
0,0,0,1000,0,19000,0,0,0
0,0,0,2038,3817,0,0,2034,840
0,0,0,15440,0,0,4610,4492,0
0,0,0,23068,0,26814,0,0,0
0,0,0,1010,0,0,0,0,0
0,0,0,17684,43112,31428,15865,0,0
0,0,0,26835,0,0,0,0,0
0,0,0,2173,8912,0,0,0,0
0,0,0,0,3060,0,0,0,0
0,0,0,0,59360,21721,37585,4725,53738
0,0,0,0,922,0,0,0,0
0,0,0,0,9058,4244,18157,0,10769
0,0,0,0,72,6750,10821,24685,3703
0,0,0,0,27110,0,0,0,0
0,0,0,0,22000,0,0,0,0
0,0,0,0,27182,0,0,0,0
0,0,0,0,257235,185863,59860,0,0
0,0,0,0,2270,0,0,0,0
0,0,0,0,920,3420,0,0,0
0,0,0,0,83860,113039,255140,56350,0
0,0,0,0,635,915,0,0,0
0,0,0,0,25035,2870,108650,218484,235667
0,0,0,0,123525,523530,370001,427279,296799
0,0,0,0,7200,0,0,0,0
0,0,0,0,5719,0,0,0,0
0,0,0,0,377,758,0,1836,0
0,0,0,0,150800,584312,713113,1409352,1748111
0,0,0,0,28069,18815,19562,0,0
0,0,0,0,1667,0,0,0,0
0,0,0,0,23576,0,0,0,0
0,0,0,0,63645,1599,29251,75952,94874
0,0,0,0,8172,0,0,0,0
0,0,0,0,138527,339326,431041,456423,733740
0,0,0,0,54642,63973,30544,66665,0
0,0,0,0,91,0,0,0,0
0,0,0,0,9412,26261,18130,4718,0
0,0,0,0,25000,0,0,0,0
0,0,0,0,12675,0,0,0,0
0,0,0,0,17345,0,0,0,0
0,0,0,0,50000,39913,20949,30118,29171
0,0,0,0,1025,2920,0,0,0
0,0,0,0,1036,800,308,0,0
0,0,0,0,60,0,0,0,0
0,0,0,0,13077,0,0,0,0
0,0,0,0,546,3941,21962,11658,25036
0,0,0,0,220,0,0,0,0
0,0,0,0,124880,588963,77870,132326,128870
0,0,0,0,2100,440,506,428,0
0,0,0,0,1620,870,0,0,0
0,0,0,0,24253,0,40125,137664,57019
0,0,0,0,2581,3385,7200,8601,7728
0,0,0,0,912,0,0,0,0
0,0,0,0,3791,3981,0,751,2807
0,0,0,0,8664,0,0,0,0
0,0,0,0,110,0,0,0,2761
0,0,0,0,1188,2456,0,0,0
0,0,0,0,1468,0,0,0,0
0,0,0,0,5974,0,0,0,0
0,0,0,0,775070,1284350,0,885900,1436600
0,0,0,0,33678,80868,0,39607,0
0,0,0,0,19159,23602,23886,0,16368
0,0,0,0,44762,73946,1142,900,0
0,0,0,0,1910,4178,0,0,0
0,0,0,0,820,0,0,0,0
0,0,0,0,1150,6164,3585,0,0
0,0,0,0,4001,10260,19726,452,6407
0,0,0,0,34,0,0,0,0
0,0,0,0,4790,0,0,0,0
0,0,0,0,1296,819,0,1031,0
0,0,0,0,9360,0,0,0,0
0,0,0,0,3837,0,0,0,0
0,0,0,0,1120,0,0,0,0
0,0,0,0,26575,0,18243,8640,21115
0,0,0,0,3579,1395,791,0,0
0,0,0,0,14437,10547,14359,6607,30636
0,0,0,0,5560,0,0,0,0
0,0,0,0,8124,0,0,0,0
0,0,0,0,1300,0,0,0,0
0,0,0,0,21000,0,0,0,0
0,0,0,0,6443,0,5103,5735,0
0,0,0,0,3471,0,0,0,0
0,0,0,0,12415,0,24480,0,0
0,0,0,0,9100,0,0,0,0
0,0,0,0,1389,0,0,0,0
0,0,0,0,3169,0,0,28057,23201
0,0,0,0,4948,0,9132,0,0
0,0,0,0,87834,323744,342257,419339,456037
0,0,0,0,38198,2120,26138,6114,0
0,0,0,0,2353,0,0,0,0
0,0,0,0,4305,4507,15734,26462,4105
0,0,0,0,159,419,65094,79333,124008
0,0,0,0,870,0,0,0,0
0,0,0,0,1985,6181,26590,3468,6744
0,0,0,0,190,0,0,0,0
0,0,0,0,4400,0,0,0,0
0,0,0,0,12150,0,0,0,0
0,0,0,0,1278,0,0,0,0
0,0,0,0,1538,0,503,0,730
0,0,0,0,1630,0,0,0,0
0,0,0,0,4289,4474,9552,34096,0
0,0,0,0,134500,421276,643318,1047681,1834493
0,0,0,0,17788,0,0,22332,12425
0,0,0,0,55935,116882,81518,74476,38495
0,0,0,0,226,0,0,0,0
0,0,0,0,750,0,0,270,0
0,0,0,0,13110,511,0,7955,3930
0,0,0,0,314115,240343,389277,245792,330834
0,0,0,0,13929,26528,27060,25614,2988
0,0,0,0,10374,14554,22488,62718,32892
0,0,0,0,8366,71669,195221,317836,975521
0,0,0,0,264120,669976,764720,897459,0
0,0,0,0,553042,613975,1069748,435258,172600
0,0,0,0,17652,123360,0,0,0
0,0,0,0,215140,780500,1217401,821000,776000
0,0,0,0,193900,949827,2208125,2413622,0
0,0,0,0,2700,5720,0,0,0
0,0,0,0,8562,0,0,0,367
0,0,0,0,462610,994990,624650,279310,2214850
0,0,0,0,10856,0,0,0,0
0,0,0,0,3615,14400,19388,4844,31666
0,0,0,0,68448,66030,35290,211035,307261
0,0,0,0,14627,0,0,0,0
0,0,0,0,164,0,0,2173,0
0,0,0,0,136049,199324,479275,320893,194953
0,0,0,0,1266,981,1820,1210,13432
0,0,0,0,9289,0,0,0,0
0,0,0,0,964,0,0,0,0
0,0,0,0,22649,0,0,0,0
0,0,0,0,1667,0,0,997,0
0,0,0,0,25000,0,0,0,0
0,0,0,0,70066,0,0,0,0
0,0,0,0,9666,0,2614,0,3563
0,0,0,0,500,0,0,0,0
0,0,0,0,4200,0,0,0,1079
0,0,0,0,26000,19000,0,0,0
0,0,0,0,7200,6301,50043,0,0
0,0,0,0,358,0,159759,50342,88146
0,0,0,0,19583,6990,0,2139,381
0,0,0,0,593593,0,5017,7446,0
0,0,0,0,271,0,93,90,0
0,0,0,0,18786,0,0,0,0
0,0,0,0,26108,0,0,0,0
0,0,0,0,7275,0,0,0,0
0,0,0,0,33036,9500,13282,5653,17596
0,0,0,0,83000,0,0,0,0
0,0,0,0,1260,0,11964,1096,1281
0,0,0,0,2443,0,0,0,0
0,0,0,0,1420,0,0,0,0
0,0,0,0,6796,0,0,1420,0
0,0,0,0,400,0,0,0,0
0,0,0,0,3100,0,0,0,677
0,0,0,0,41400,0,0,0,182250
0,0,0,0,3820,695,87382,26507,4308
0,0,0,0,14734,34456,75827,234489,130404
0,0,0,0,74,0,0,0,0
0,0,0,0,4360,125190,0,0,0
0,0,0,0,14400,0,0,0,210
0,0,0,0,2777,6999,0,0,0
0,0,0,0,6272,0,0,0,1382
0,0,0,0,14000,0,26001,0,0
0,0,0,0,27087,0,0,0,0
0,0,0,0,25722,0,0,0,0
0,0,0,0,269355,672771,254689,187308,77318
0,0,0,0,646,161,0,1324,1508
0,0,0,0,144000,829492,752398,285270,364960
0,0,0,0,13710,0,0,8465,327556
0,0,0,0,16016,12465,25192,0,0
0,0,0,0,774,0,0,0,0
0,0,0,0,400,0,0,0,180
0,0,0,0,300,1002,0,0,7800
0,0,0,0,1833,10214,15980,0,0
0,0,0,0,1549,21395,31128,10842,38991
0,0,0,0,5355,2540,10150,10588,0
0,0,0,0,0,2040,104,0,0
0,0,0,0,0,5094,0,8914,7771
0,0,0,0,0,207180,0,128330,3504610
0,0,0,0,0,14701,4138,0,13748
0,0,0,0,0,1135,6600,10177,0
0,0,0,0,0,37642,40196,16350,23957
0,0,0,0,0,476,0,0,0
0,0,0,0,0,250,0,0,0
0,0,0,0,0,24974,0,319650,3037970
0,0,0,0,0,907948,1222756,1136374,1250018
0,0,0,0,0,8128,960,0,0
0,0,0,0,0,4658,0,0,0
0,0,0,0,0,67080,13920,0,0
0,0,0,0,0,5335,24254,19597,3807
0,0,0,0,0,14728,0,0,0
0,0,0,0,0,1328,27689,26946,29700
0,0,0,0,0,165,4780,4450,8050
0,0,0,0,0,1125,0,0,0
0,0,0,0,0,69756,388890,456562,404331
0,0,0,0,0,49648,76573,76711,77775
0,0,0,0,0,2886,0,0,0
0,0,0,0,0,14029,21552,102924,126428
0,0,0,0,0,15859,512,0,0
0,0,0,0,0,2343,2365,1486,10863
0,0,0,0,0,2052,0,16211,0
0,0,0,0,0,14500,11204,0,0
0,0,0,0,0,29514,4509,23914,0
0,0,0,0,0,2612,1545,4438,3725
0,0,0,0,0,200,0,0,0
0,0,0,0,0,21547,5637,0,0
0,0,0,0,0,9549,22100,29390,32531
0,0,0,0,0,5552,3568,0,0
0,0,0,0,0,7317,0,0,0
0,0,0,0,0,10023,0,0,48000
0,0,0,0,0,196,0,0,0
0,0,0,0,0,9630,73928,88197,143739
0,0,0,0,0,800,0,0,0
0,0,0,0,0,16276,0,0,0
0,0,0,0,0,160,179,0,14622
0,0,0,0,0,1335,0,0,0
0,0,0,0,0,6000,0,0,0
0,0,0,0,0,20000,20500,0,0
0,0,0,0,0,395923,1677399,1407338,1834013
0,0,0,0,0,2798,1925,0,0
0,0,0,0,0,16338,0,0,0
0,0,0,0,0,891,865,0,0
0,0,0,0,0,8968,0,0,0
0,0,0,0,0,3460,0,0,0
0,0,0,0,0,14227,1098,16686,8470
0,0,0,0,0,41160,124916,334820,247450
0,0,0,0,0,1831,0,0,0
0,0,0,0,0,1057,0,0,0
0,0,0,0,0,35000,17250,27000,0
0,0,0,0,0,4223,56907,65255,59081
0,0,0,0,0,11064,0,0,0
0,0,0,0,0,2500,0,0,0
0,0,0,0,0,21493,141582,165417,178179
0,0,0,0,0,7462,4051,5413,0
0,0,0,0,0,18870,0,13145,11637
0,0,0,0,0,330222,143082,217694,409696
0,0,0,0,0,246,0,402,0
0,0,0,0,0,16280,0,0,0
0,0,0,0,0,1000,0,0,0
0,0,0,0,0,393,0,0,0
0,0,0,0,0,149500,20956,0,0
0,0,0,0,0,1956,0,0,0
0,0,0,0,0,71900,34262,16345,24000
0,0,0,0,0,4262,0,7477,11575
0,0,0,0,0,2170,0,0,0
0,0,0,0,0,67380,0,0,22000
0,0,0,0,0,56423,523675,400227,711825
0,0,0,0,0,1651,0,0,0
0,0,0,0,0,5746,3321,0,0
0,0,0,0,0,1332,0,5981,1140
0,0,0,0,0,110289,27962,2080,8643
0,0,0,0,0,134140,370520,841653,739055
0,0,0,0,0,1840,30,87321,11784
0,0,0,0,0,24287,29147,19095,20264
0,0,0,0,0,27427,0,0,0
0,0,0,0,0,1760,0,160,0
0,0,0,0,0,3453,0,0,0
0,0,0,0,0,830,347,0,1000
0,0,0,0,0,4533,0,14670,0
0,0,0,0,0,960,9320,5030,6895
0,0,0,0,0,21788,51575,172262,151766
0,0,0,0,0,18900,0,0,0
0,0,0,0,0,3840,0,4091,13002
0,0,0,0,0,734,7785,362,30868
0,0,0,0,0,215040,0,0,0
0,0,0,0,0,4400,0,8884,0
0,0,0,0,0,6692,15461,7522,3048
0,0,0,0,0,447,6902,11491,3398
0,0,0,0,0,38715,19500,97020,0
0,0,0,0,0,35940,20700,40544,23834
0,0,0,0,0,10486,0,0,0
0,0,0,0,0,76,0,0,0
0,0,0,0,0,27635,671373,277012,0
0,0,0,0,0,835,4482,22742,10045
0,0,0,0,0,13406,107116,29662,109916
0,0,0,0,0,4520,0,0,0
0,0,0,0,0,1477,0,409,0
0,0,0,0,0,150,330,0,0
0,0,0,0,0,10500,0,0,0
0,0,0,0,0,3060,2773,33981,86131
0,0,0,0,0,27500,55000,0,0
0,0,0,0,0,6510,1758,2838,997
0,0,0,0,0,1504,0,0,1002
0,0,0,0,0,9681,12564,0,0
0,0,0,0,0,356,0,0,0
0,0,0,0,0,5300,104212,0,24000
0,0,0,0,0,34500,60240,0,0
0,0,0,0,0,91650,0,0,0
0,0,0,0,0,11326,0,0,0
0,0,0,0,0,49349,0,0,0
0,0,0,0,0,249,0,0,0
0,0,0,0,0,933,2019,0,0
0,0,0,0,0,63620,79840,26560,28962
0,0,0,0,0,302,0,0,0
0,0,0,0,0,1197430,53180,135515,2090304
0,0,0,0,0,1121,0,0,0
0,0,0,0,0,74450,0,0,0
0,0,0,0,0,28011,52089,20671,56000
0,0,0,0,0,94286,181168,154665,109436
0,0,0,0,0,28300,26500,0,0
0,0,0,0,0,24556,67199,110452,25690
0,0,0,0,0,24000,48000,48000,72000
0,0,0,0,0,44519,15893,0,34635
0,0,0,0,0,1840,0,0,0
0,0,0,0,0,2330,43665,50703,111585
0,0,0,0,0,361,0,0,0
0,0,0,0,0,19226,1464,0,0
0,0,0,0,0,1720,0,2838,0
0,0,0,0,0,7203,6362,0,2187
0,0,0,0,0,3660,0,3116,1808
0,0,0,0,0,11743,0,0,0
0,0,0,0,0,2893,0,0,0
0,0,0,0,0,1555,0,0,0
0,0,0,0,0,358,0,0,0
0,0,0,0,0,5115,0,0,0
0,0,0,0,0,912,275,117031,184108
0,0,0,0,0,81000,217915,142866,161290
0,0,0,0,0,30767,11802,0,9263
0,0,0,0,0,30050,35168,19357,13450
0,0,0,0,0,200,0,12115,0
0,0,0,0,0,2415,0,0,0
0,0,0,0,0,28000,85200,0,0
0,0,0,0,0,5280,21250,15122,0
0,0,0,0,0,11150,0,0,0
0,0,0,0,0,864,20686,30879,15902
0,0,0,0,0,51166,98103,155738,107281
0,0,0,0,0,1190,0,0,0
0,0,0,0,0,2381670,1365480,283860,1164260
0,0,0,0,0,908,0,0,0
0,0,0,0,0,9493,7158,0,1247
0,0,0,0,0,26000,666750,249660,397505
0,0,0,0,0,4586,32893,10948,10516
0,0,0,0,0,60,0,0,0
0,0,0,0,0,43,0,0,0
0,0,0,0,0,8806,0,111378,54276
0,0,0,0,0,112000,160000,96071,0
0,0,0,0,0,1250,0,0,0
0,0,0,0,0,514182,752878,893034,0
0,0,0,0,0,1648,0,0,0
0,0,0,0,0,23100,0,0,108403
0,0,0,0,0,10723,3388,50495,30285
0,0,0,0,0,1086,524,9625,0
0,0,0,0,0,106650,292560,298935,338840
0,0,0,0,0,11078,33192,18806,10496
0,0,0,0,0,12918,0,0,0
0,0,0,0,0,102290,0,0,0
0,0,0,0,0,2405,0,0,0
0,0,0,0,0,623,490,726,0
0,0,0,0,0,316500,0,0,0
0,0,0,0,0,12430,0,0,0
0,0,0,0,0,13940,0,0,0
0,0,0,0,0,78874,28400,0,0
0,0,0,0,0,226,0,0,0
0,0,0,0,0,10406,0,0,0
0,0,0,0,0,90730,24000,0,0
0,0,0,0,0,208,0,0,0
0,0,0,0,0,47077,17920,88736,72783
0,0,0,0,0,5740,6990,0,0
0,0,0,0,0,37901,68912,85235,5937
0,0,0,0,0,6993,1686,3123,0
0,0,0,0,0,612,0,0,0
0,0,0,0,0,29941,0,0,36385
0,0,0,0,0,10261,0,2424,43863
0,0,0,0,0,797,4444,9410,14410
0,0,0,0,0,2392,0,0,0
0,0,0,0,0,8700,0,0,0
0,0,0,0,0,11584,12768,36215,11014
0,0,0,0,0,8328,9235,8445,21922
0,0,0,0,0,107244,111273,168319,140702
0,0,0,0,0,25244,17242,3473,1709
0,0,0,0,0,11856,28364,5893,11599
0,0,0,0,0,1990,0,0,0
0,0,0,0,0,6192,0,0,0
0,0,0,0,0,600,0,0,0
0,0,0,0,0,460,4450,0,0
0,0,0,0,0,8138,0,0,0
0,0,0,0,0,1586,0,0,0
0,0,0,0,0,850,0,0,0
0,0,0,0,0,283321,928207,919363,613502
0,0,0,0,0,10580,9730,0,0
0,0,0,0,0,2578,400,0,0
0,0,0,0,0,4816,0,0,0
0,0,0,0,0,544,0,7565,0
0,0,0,0,0,321,0,0,828
0,0,0,0,0,16821,0,0,0
0,0,0,0,0,24056,113125,195669,79226
0,0,0,0,0,133,853,18223,16350
0,0,0,0,0,142942,18433,0,0
0,0,0,0,0,1579,0,0,0
0,0,0,0,0,172,1921,0,0
0,0,0,0,0,307140,0,0,0
0,0,0,0,0,7570,830,0,0
0,0,0,0,0,11979,27917,10195,22380
0,0,0,0,0,28300,0,0,0
0,0,0,0,0,2880,160,571,150
0,0,0,0,0,106981,435762,0,0
0,0,0,0,0,1010,0,0,0
0,0,0,0,0,7324,52787,29631,23590
0,0,0,0,0,2538,0,0,0
0,0,0,0,0,111920,0,0,0
0,0,0,0,0,14861,9977,13939,0
0,0,0,0,0,1139,0,0,0
0,0,0,0,0,5856,0,0,0
0,0,0,0,0,99887,196633,0,0
0,0,0,0,0,1191,0,0,0
0,0,0,0,0,16579,19303,0,0
0,0,0,0,0,15457,0,37641,47793
0,0,0,0,0,0,717,859,0
0,0,0,0,0,0,882,10904,9391
0,0,0,0,0,0,10591,29998,54746
0,0,0,0,0,0,7515,7602,0
0,0,0,0,0,0,10111,0,0
0,0,0,0,0,0,796,203,0
0,0,0,0,0,0,27801,0,0
0,0,0,0,0,0,3411,16532,37502
0,0,0,0,0,0,605,0,0
0,0,0,0,0,0,1331,0,0
0,0,0,0,0,0,9755,39202,20784
0,0,0,0,0,0,406,2446,0
0,0,0,0,0,0,13632,18415,0
0,0,0,0,0,0,26100,1353650,1830390
0,0,0,0,0,0,18000,13543,0
0,0,0,0,0,0,10306,0,0
0,0,0,0,0,0,72795,45100,0
0,0,0,0,0,0,15477,23282,0
0,0,0,0,0,0,53200,0,0
0,0,0,0,0,0,900,3000,0
0,0,0,0,0,0,19179,0,0
0,0,0,0,0,0,37165,19384,23151
0,0,0,0,0,0,3040,13661,0
0,0,0,0,0,0,180,13400,0
0,0,0,0,0,0,3643,0,0
0,0,0,0,0,0,1250,1250,0
0,0,0,0,0,0,19817,34005,62518
0,0,0,0,0,0,20560,47236,40214
0,0,0,0,0,0,5666,0,0
0,0,0,0,0,0,9833,0,5777
0,0,0,0,0,0,2817,59165,72972
0,0,0,0,0,0,27524,0,0
0,0,0,0,0,0,2500,185,0
0,0,0,0,0,0,9274,0,0
0,0,0,0,0,0,13486,1522,1061
0,0,0,0,0,0,63000,0,0
0,0,0,0,0,0,46532,189238,291063
0,0,0,0,0,0,3200,226,0
0,0,0,0,0,0,30040,0,0
0,0,0,0,0,0,275,0,1360
0,0,0,0,0,0,3594,66266,94574
0,0,0,0,0,0,8,0,0
0,0,0,0,0,0,656,0,0
0,0,0,0,0,0,3425,0,0
0,0,0,0,0,0,325,0,0
0,0,0,0,0,0,6029,161261,108441
0,0,0,0,0,0,26756,0,16000
0,0,0,0,0,0,1310,0,0
0,0,0,0,0,0,244,1730,2667
0,0,0,0,0,0,11324,120974,104393
0,0,0,0,0,0,357900,279851,90887
0,0,0,0,0,0,2818,0,0
0,0,0,0,0,0,240,66,1602
0,0,0,0,0,0,47195,6383,0
0,0,0,0,0,0,225,2948,0
0,0,0,0,0,0,796,0,0
0,0,0,0,0,0,2180,0,0
0,0,0,0,0,0,3272,28208,1728
0,0,0,0,0,0,2721,4451,1579
0,0,0,0,0,0,3387,6775,0
0,0,0,0,0,0,5160,0,0
0,0,0,0,0,0,76,0,0
0,0,0,0,0,0,45028,0,0
0,0,0,0,0,0,485,0,0
0,0,0,0,0,0,62250,15000,0
0,0,0,0,0,0,7320,0,3
0,0,0,0,0,0,650,0,0
0,0,0,0,0,0,400,0,0
0,0,0,0,0,0,16582,0,0
0,0,0,0,0,0,461,949,2955
0,0,0,0,0,0,4484,6855,0
0,0,0,0,0,0,327088,196315,0
0,0,0,0,0,0,300,50804,61638
0,0,0,0,0,0,3276,0,0
0,0,0,0,0,0,385975,609124,518868
0,0,0,0,0,0,1520,0,4881
0,0,0,0,0,0,437,12849,29487
0,0,0,0,0,0,1950,18394,11790
0,0,0,0,0,0,930,6138,0
0,0,0,0,0,0,229,0,0
0,0,0,0,0,0,8100,67427,42694
0,0,0,0,0,0,17606,21674,19349
0,0,0,0,0,0,278562,1116977,88099
0,0,0,0,0,0,217092,139568,0
0,0,0,0,0,0,1042,0,0
0,0,0,0,0,0,744929,0,0
0,0,0,0,0,0,1726,2667,0
0,0,0,0,0,0,4520,0,0
0,0,0,0,0,0,5262,3136,0
0,0,0,0,0,0,10185,0,0
0,0,0,0,0,0,7501,0,0
0,0,0,0,0,0,142750,0,0
0,0,0,0,0,0,141800,0,0
0,0,0,0,0,0,7200,30500,15026
0,0,0,0,0,0,846,0,0
0,0,0,0,0,0,303,1862,17065
0,0,0,0,0,0,1101,0,0
0,0,0,0,0,0,31311,15000,44074
0,0,0,0,0,0,17882,0,45695
0,0,0,0,0,0,90414,25700,0
0,0,0,0,0,0,5727,0,0
0,0,0,0,0,0,20500,20500,0
0,0,0,0,0,0,21031,190392,132644
0,0,0,0,0,0,17685,0,13158
0,0,0,0,0,0,1274,617,0
0,0,0,0,0,0,1308,478,228228
0,0,0,0,0,0,20090,38039,37074
0,0,0,0,0,0,22785,0,0
0,0,0,0,0,0,50952,291159,99000
0,0,0,0,0,0,4631,18870,10561
0,0,0,0,0,0,22356,0,0
0,0,0,0,0,0,59580,476110,28500
0,0,0,0,0,0,5000,0,0
0,0,0,0,0,0,2489167,4459171,6286343
0,0,0,0,0,0,13413,23947,0
0,0,0,0,0,0,210,1184,0
0,0,0,0,0,0,9948,23708,0
0,0,0,0,0,0,2000,0,0
0,0,0,0,0,0,3753,0,12249
0,0,0,0,0,0,520,0,0
0,0,0,0,0,0,4774,0,0
0,0,0,0,0,0,25500,0,0
0,0,0,0,0,0,6755,0,0
0,0,0,0,0,0,101800,0,228600
0,0,0,0,0,0,7520,1485,2787
0,0,0,0,0,0,129007,26730,26000
0,0,0,0,0,0,13530,21962,0
0,0,0,0,0,0,43199,33071,27138
0,0,0,0,0,0,884,0,0
0,0,0,0,0,0,788,0,941
0,0,0,0,0,0,8890,11417,4373
0,0,0,0,0,0,5905,11697,5837
0,0,0,0,0,0,29773,0,0
0,0,0,0,0,0,2000,0,1570
0,0,0,0,0,0,21330,0,0
0,0,0,0,0,0,17876,455,0
0,0,0,0,0,0,25625,131488,40490
0,0,0,0,0,0,51930,22072,0
0,0,0,0,0,0,2698,0,0
0,0,0,0,0,0,9384,43077,846737
0,0,0,0,0,0,8079,0,0
0,0,0,0,0,0,1969,0,0
0,0,0,0,0,0,39243,0,1925
0,0,0,0,0,0,27950,84650,0
0,0,0,0,0,0,1424,0,0
0,0,0,0,0,0,753,0,0
0,0,0,0,0,0,1216,0,1416
0,0,0,0,0,0,790,0,0
0,0,0,0,0,0,150,0,0
0,0,0,0,0,0,129,475,3017
0,0,0,0,0,0,17354,225,6322
0,0,0,0,0,0,623,691,0
0,0,0,0,0,0,38400,0,0
0,0,0,0,0,0,16941,13376,0
0,0,0,0,0,0,216000,69900,0
0,0,0,0,0,0,69542,227349,37867
0,0,0,0,0,0,207,0,0
0,0,0,0,0,0,148,0,0
0,0,0,0,0,0,28356,7835,6756
0,0,0,0,0,0,5774,915,0
0,0,0,0,0,0,9256,101335,24135
0,0,0,0,0,0,321,0,1605
0,0,0,0,0,0,20500,0,0
0,0,0,0,0,0,48492,230400,575040
0,0,0,0,0,0,4369,0,0
0,0,0,0,0,0,912,5206,0
0,0,0,0,0,0,5362,0,0
0,0,0,0,0,0,22590,610068,0
0,0,0,0,0,0,251020,195650,506790
0,0,0,0,0,0,10071,0,0
0,0,0,0,0,0,146,0,0
0,0,0,0,0,0,53464,534520,950654
0,0,0,0,0,0,15137,0,0
0,0,0,0,0,0,202,0,0
0,0,0,0,0,0,751,0,0
0,0,0,0,0,0,219565,297676,0
0,0,0,0,0,0,626290,181000,436821
0,0,0,0,0,0,14376,0,4862
0,0,0,0,0,0,8524,0,0
0,0,0,0,0,0,18010,940,0
0,0,0,0,0,0,12840,7691,1653
0,0,0,0,0,0,63000,0,0
0,0,0,0,0,0,6873,0,134400
0,0,0,0,0,0,518,1345,0
0,0,0,0,0,0,26195,113600,0
0,0,0,0,0,0,16450,0,0
0,0,0,0,0,0,1346,0,0
0,0,0,0,0,0,21945,0,0
0,0,0,0,0,0,10517,905,3280
0,0,0,0,0,0,14880,0,0
0,0,0,0,0,0,21225,0,0
0,0,0,0,0,0,11446,0,0
0,0,0,0,0,0,34338,124557,210878
0,0,0,0,0,0,112400,0,0
0,0,0,0,0,0,1261,9597,0
0,0,0,0,0,0,96600,0,0
0,0,0,0,0,0,11960,0,0
0,0,0,0,0,0,28500,0,0
0,0,0,0,0,0,128743,84216,0
0,0,0,0,0,0,54000,0,0
0,0,0,0,0,0,3299,0,0
0,0,0,0,0,0,27720,0,0
0,0,0,0,0,0,107,0,0
0,0,0,0,0,0,195639,2497656,0
0,0,0,0,0,0,2150,0,0
0,0,0,0,0,0,2304,13432,5228
0,0,0,0,0,0,92160,0,0
0,0,0,0,0,0,117,613,0
0,0,0,0,0,0,1982,0,0
0,0,0,0,0,0,2500,0,0
0,0,0,0,0,0,274,0,0
0,0,0,0,0,0,386,534,0
0,0,0,0,0,0,18775,18005,0
0,0,0,0,0,0,17975,0,0
0,0,0,0,0,0,1493,0,0
0,0,0,0,0,0,408,0,0
0,0,0,0,0,0,43907,204832,0
0,0,0,0,0,0,391,15862,104984
0,0,0,0,0,0,1754,0,0
0,0,0,0,0,0,22665,125201,0
0,0,0,0,0,0,15665,16836,0
0,0,0,0,0,0,2596,0,0
0,0,0,0,0,0,23000,6494,10115
0,0,0,0,0,0,5054,0,0
0,0,0,0,0,0,3759,0,0
0,0,0,0,0,0,2625,1232,5896
0,0,0,0,0,0,14850,0,0
0,0,0,0,0,0,27900,0,0
0,0,0,0,0,0,23115,0,0
0,0,0,0,0,0,2244,2950,0
0,0,0,0,0,0,27950,0,0
0,0,0,0,0,0,7077,0,0
0,0,0,0,0,0,6380,0,0
0,0,0,0,0,0,1455,0,324
0,0,0,0,0,0,674,0,0
0,0,0,0,0,0,309159,50000,0
0,0,0,0,0,0,2986,0,1869
0,0,0,0,0,0,17309,7774,979
0,0,0,0,0,0,342,0,893
0,0,0,0,0,0,10683,2326,0
0,0,0,0,0,0,11300,0,0
0,0,0,0,0,0,121797,0,0
0,0,0,0,0,0,12651,0,0
0,0,0,0,0,0,14868,18811,155392
0,0,0,0,0,0,12251,0,0
0,0,0,0,0,0,251,0,0
0,0,0,0,0,0,422400,136667,0
0,0,0,0,0,0,1402,0,0
0,0,0,0,0,0,6555,0,0
0,0,0,0,0,0,0,4516,2279
0,0,0,0,0,0,0,23,9
0,0,0,0,0,0,0,8074,1421
0,0,0,0,0,0,0,660124,1276701
0,0,0,0,0,0,0,1726141,4740072
0,0,0,0,0,0,0,14923,0
0,0,0,0,0,0,0,432,0
0,0,0,0,0,0,0,390,0
0,0,0,0,0,0,0,2287,0
0,0,0,0,0,0,0,137420,0
0,0,0,0,0,0,0,10583,0
0,0,0,0,0,0,0,231,1184
0,0,0,0,0,0,0,9534,0
0,0,0,0,0,0,0,1989,0
0,0,0,0,0,0,0,2536,0
0,0,0,0,0,0,0,21472,0
0,0,0,0,0,0,0,13250,3910
0,0,0,0,0,0,0,1080,0
0,0,0,0,0,0,0,493501,562066
0,0,0,0,0,0,0,1965,0
0,0,0,0,0,0,0,27461,0
0,0,0,0,0,0,0,124085,49356
0,0,0,0,0,0,0,140,4558
0,0,0,0,0,0,0,310,3230
0,0,0,0,0,0,0,789989,2075573
0,0,0,0,0,0,0,90350,317696
0,0,0,0,0,0,0,58808,0
0,0,0,0,0,0,0,2720,0
0,0,0,0,0,0,0,76517,47933
0,0,0,0,0,0,0,10774,11627
0,0,0,0,0,0,0,78166,123730
0,0,0,0,0,0,0,87040,0
0,0,0,0,0,0,0,88091,291430
0,0,0,0,0,0,0,32915,51835
0,0,0,0,0,0,0,97500,0
0,0,0,0,0,0,0,111425,486662
0,0,0,0,0,0,0,3493,0
0,0,0,0,0,0,0,2338,258
0,0,0,0,0,0,0,338714,0
0,0,0,0,0,0,0,258400,0
0,0,0,0,0,0,0,44000,0
0,0,0,0,0,0,0,572,0
0,0,0,0,0,0,0,3403,0
0,0,0,0,0,0,0,20000,34847
0,0,0,0,0,0,0,399552,330872
0,0,0,0,0,0,0,88000,0
0,0,0,0,0,0,0,4061,11256
0,0,0,0,0,0,0,52272,40540
0,0,0,0,0,0,0,539,2318
0,0,0,0,0,0,0,35797,36061
0,0,0,0,0,0,0,4550,0
0,0,0,0,0,0,0,263,1767
0,0,0,0,0,0,0,163,0
0,0,0,0,0,0,0,28550,0
0,0,0,0,0,0,0,4550,7182
0,0,0,0,0,0,0,21000,14661
0,0,0,0,0,0,0,871,9147
0,0,0,0,0,0,0,543,0
0,0,0,0,0,0,0,909,678
0,0,0,0,0,0,0,2548,11156
0,0,0,0,0,0,0,98000,12800
0,0,0,0,0,0,0,740,290
0,0,0,0,0,0,0,25004,44346
0,0,0,0,0,0,0,4444,12225
0,0,0,0,0,0,0,5829,0
0,0,0,0,0,0,0,455,32577
0,0,0,0,0,0,0,15500,152847
0,0,0,0,0,0,0,227350,0
0,0,0,0,0,0,0,742,2640
0,0,0,0,0,0,0,694371,1248132
0,0,0,0,0,0,0,4728179,5745388
0,0,0,0,0,0,0,1600,0
0,0,0,0,0,0,0,11510,0
0,0,0,0,0,0,0,243350,1409550
0,0,0,0,0,0,0,16084,613
0,0,0,0,0,0,0,27640,0
0,0,0,0,0,0,0,31000,0
0,0,0,0,0,0,0,905,1703
0,0,0,0,0,0,0,2201,710
0,0,0,0,0,0,0,15908,13516
0,0,0,0,0,0,0,628,3798
0,0,0,0,0,0,0,15539,0
0,0,0,0,0,0,0,147031,144444
0,0,0,0,0,0,0,21905,0
0,0,0,0,0,0,0,4700,0
0,0,0,0,0,0,0,20113,35892
0,0,0,0,0,0,0,137900,486522
0,0,0,0,0,0,0,21288,0
0,0,0,0,0,0,0,3673,0
0,0,0,0,0,0,0,39418,0
0,0,0,0,0,0,0,84610,0
0,0,0,0,0,0,0,25500,0
0,0,0,0,0,0,0,1666,0
0,0,0,0,0,0,0,3301,0
0,0,0,0,0,0,0,5146,0
0,0,0,0,0,0,0,7586,0
0,0,0,0,0,0,0,28160,0
0,0,0,0,0,0,0,21190,22305
0,0,0,0,0,0,0,7354,0
0,0,0,0,0,0,0,1021,5071
0,0,0,0,0,0,0,14967,36900
0,0,0,0,0,0,0,332,0
0,0,0,0,0,0,0,47700,0
0,0,0,0,0,0,0,3124,0
0,0,0,0,0,0,0,5,0
0,0,0,0,0,0,0,54520,0
0,0,0,0,0,0,0,14987,4045
0,0,0,0,0,0,0,48840,35432
0,0,0,0,0,0,0,19139,20111
0,0,0,0,0,0,0,141500,57000
0,0,0,0,0,0,0,1292,0
0,0,0,0,0,0,0,3038,3649
0,0,0,0,0,0,0,21191,0
0,0,0,0,0,0,0,6962,61652
0,0,0,0,0,0,0,4939,13971
0,0,0,0,0,0,0,1004,0
0,0,0,0,0,0,0,1500,0
0,0,0,0,0,0,0,1650,0
0,0,0,0,0,0,0,1070,0
0,0,0,0,0,0,0,28160,0
0,0,0,0,0,0,0,2850,0
0,0,0,0,0,0,0,3000,43685
0,0,0,0,0,0,0,68062,101618
0,0,0,0,0,0,0,32000,67900
0,0,0,0,0,0,0,11678,56050
0,0,0,0,0,0,0,27465,0
0,0,0,0,0,0,0,1595,0
0,0,0,0,0,0,0,105,0
0,0,0,0,0,0,0,18108,6295
0,0,0,0,0,0,0,5428,0
0,0,0,0,0,0,0,2046,0
0,0,0,0,0,0,0,28000,776505
0,0,0,0,0,0,0,7000,21000
0,0,0,0,0,0,0,96260,13000
0,0,0,0,0,0,0,13300,14062
0,0,0,0,0,0,0,784,0
0,0,0,0,0,0,0,26139,0
0,0,0,0,0,0,0,615,14351
0,0,0,0,0,0,0,37630,35200
0,0,0,0,0,0,0,6605,102764
0,0,0,0,0,0,0,66019,122845
0,0,0,0,0,0,0,694,2007
0,0,0,0,0,0,0,11200,0
0,0,0,0,0,0,0,213,0
0,0,0,0,0,0,0,10103,4553
0,0,0,0,0,0,0,30277,16493
0,0,0,0,0,0,0,12154,0
0,0,0,0,0,0,0,54000,15000
0,0,0,0,0,0,0,265410,595917
0,0,0,0,0,0,0,1222,0
0,0,0,0,0,0,0,5804,7480
0,0,0,0,0,0,0,400,0
0,0,0,0,0,0,0,548,0
0,0,0,0,0,0,0,11730,0
0,0,0,0,0,0,0,24110,0
0,0,0,0,0,0,0,27284,0
0,0,0,0,0,0,0,1500,0
0,0,0,0,0,0,0,52120,28621
0,0,0,0,0,0,0,185,0
0,0,0,0,0,0,0,4220,5265
0,0,0,0,0,0,0,37153,0
0,0,0,0,0,0,0,6615,0
0,0,0,0,0,0,0,87,0
0,0,0,0,0,0,0,13030,146468
0,0,0,0,0,0,0,369100,142500
0,0,0,0,0,0,0,273,0
0,0,0,0,0,0,0,9924,4970
0,0,0,0,0,0,0,4752,0
0,0,0,0,0,0,0,28500,0
0,0,0,0,0,0,0,1056,0
0,0,0,0,0,0,0,498,0
0,0,0,0,0,0,0,126840,28200
0,0,0,0,0,0,0,10005,490
0,0,0,0,0,0,0,54138,197006
0,0,0,0,0,0,0,918,0
0,0,0,0,0,0,0,83750,0
0,0,0,0,0,0,0,54408,0
0,0,0,0,0,0,0,6059,1756
0,0,0,0,0,0,0,23019,0
0,0,0,0,0,0,0,1490,0
0,0,0,0,0,0,0,105868,42000
0,0,0,0,0,0,0,77427,23721
0,0,0,0,0,0,0,2500,4891
0,0,0,0,0,0,0,8526,11050
0,0,0,0,0,0,0,623,1084
0,0,0,0,0,0,0,30104,0
0,0,0,0,0,0,0,350,0
0,0,0,0,0,0,0,368000,0
0,0,0,0,0,0,0,6309,17889
0,0,0,0,0,0,0,10549,0
0,0,0,0,0,0,0,6147,9069
0,0,0,0,0,0,0,1158,3780
0,0,0,0,0,0,0,6871,0
0,0,0,0,0,0,0,55677,2029
0,0,0,0,0,0,0,28500,0
0,0,0,0,0,0,0,256248,81880
0,0,0,0,0,0,0,1900,0
0,0,0,0,0,0,0,4634,0
0,0,0,0,0,0,0,3996,2480
0,0,0,0,0,0,0,5064,3340
0,0,0,0,0,0,0,24625,24000
0,0,0,0,0,0,0,111072,27231
0,0,0,0,0,0,0,4423,1648
0,0,0,0,0,0,0,449600,270800
0,0,0,0,0,0,0,42341,9177
0,0,0,0,0,0,0,7747,0
0,0,0,0,0,0,0,55851,171272
0,0,0,0,0,0,0,93943,821508
0,0,0,0,0,0,0,4998,9451
0,0,0,0,0,0,0,102205,61832
0,0,0,0,0,0,0,4340,2623
0,0,0,0,0,0,0,54,0
0,0,0,0,0,0,0,19113,86450
0,0,0,0,0,0,0,2065,11615
0,0,0,0,0,0,0,1250,23186
0,0,0,0,0,0,0,3363,4663
0,0,0,0,0,0,0,33994,38327
0,0,0,0,0,0,0,250,0
0,0,0,0,0,0,0,1692,560
0,0,0,0,0,0,0,2315,0
0,0,0,0,0,0,0,6794,22691
0,0,0,0,0,0,0,6006,2068
0,0,0,0,0,0,0,208464,0
0,0,0,0,0,0,0,121740,0
0,0,0,0,0,0,0,14178,14427
0,0,0,0,0,0,0,28500,28500
0,0,0,0,0,0,0,229940,0
0,0,0,0,0,0,0,2880,0
0,0,0,0,0,0,0,134460,0
0,0,0,0,0,0,0,909800,146200
0,0,0,0,0,0,0,3536,0
0,0,0,0,0,0,0,2682,728
0,0,0,0,0,0,0,6624,0
0,0,0,0,0,0,0,103535,42875
0,0,0,0,0,0,0,14410,0
0,0,0,0,0,0,0,138,1454
0,0,0,0,0,0,0,16510,0
0,0,0,0,0,0,0,1539,0
0,0,0,0,0,0,0,350,0
0,0,0,0,0,0,0,57694,28500
0,0,0,0,0,0,0,5304,0
0,0,0,0,0,0,0,3206,3156
0,0,0,0,0,0,0,10761,0
0,0,0,0,0,0,0,182663,0
0,0,0,0,0,0,0,185375,426300
0,0,0,0,0,0,0,11893,0
0,0,0,0,0,0,0,1970,780
0,0,0,0,0,0,0,2334,1355
0,0,0,0,0,0,0,9115,129118
0,0,0,0,0,0,0,162,0
0,0,0,0,0,0,0,10807,0
0,0,0,0,0,0,0,1140,0
0,0,0,0,0,0,0,100,0
0,0,0,0,0,0,0,0,28850
0,0,0,0,0,0,0,0,1720
0,0,0,0,0,0,0,0,40236
0,0,0,0,0,0,0,0,3841
0,0,0,0,0,0,0,0,2586
0,0,0,0,0,0,0,0,2555
0,0,0,0,0,0,0,0,6941
0,0,0,0,0,0,0,0,700
0,0,0,0,0,0,0,0,40
0,0,0,0,0,0,0,0,6574
0,0,0,0,0,0,0,0,47195
0,0,0,0,0,0,0,0,130400
0,0,0,0,0,0,0,0,11455
0,0,0,0,0,0,0,0,1759370
0,0,0,0,0,0,0,0,1660
0,0,0,0,0,0,0,0,3318
0,0,0,0,0,0,0,0,4348
0,0,0,0,0,0,0,0,28600
0,0,0,0,0,0,0,0,7595
0,0,0,0,0,0,0,0,528046
0,0,0,0,0,0,0,0,88443
0,0,0,0,0,0,0,0,17651
0,0,0,0,0,0,0,0,7800
0,0,0,0,0,0,0,0,1200
0,0,0,0,0,0,0,0,2002
0,0,0,0,0,0,0,0,1125084
0,0,0,0,0,0,0,0,2154
0,0,0,0,0,0,0,0,328972
0,0,0,0,0,0,0,0,418500
0,0,0,0,0,0,0,0,2555
0,0,0,0,0,0,0,0,2141
0,0,0,0,0,0,0,0,3682
0,0,0,0,0,0,0,0,6518
0,0,0,0,0,0,0,0,78000
0,0,0,0,0,0,0,0,8172
0,0,0,0,0,0,0,0,28464
0,0,0,0,0,0,0,0,58808
0,0,0,0,0,0,0,0,12450
0,0,0,0,0,0,0,0,33956
0,0,0,0,0,0,0,0,6740
0,0,0,0,0,0,0,0,525
0,0,0,0,0,0,0,0,6911
0,0,0,0,0,0,0,0,28416
0,0,0,0,0,0,0,0,300615
0,0,0,0,0,0,0,0,1768
0,0,0,0,0,0,0,0,44
0,0,0,0,0,0,0,0,617
0,0,0,0,0,0,0,0,2825
0,0,0,0,0,0,0,0,48120
0,0,0,0,0,0,0,0,13780
0,0,0,0,0,0,0,0,1725
0,0,0,0,0,0,0,0,5852
0,0,0,0,0,0,0,0,970
0,0,0,0,0,0,0,0,50000
0,0,0,0,0,0,0,0,1259
0,0,0,0,0,0,0,0,26881
0,0,0,0,0,0,0,0,198412
0,0,0,0,0,0,0,0,253
0,0,0,0,0,0,0,0,68150
0,0,0,0,0,0,0,0,15961
0,0,0,0,0,0,0,0,7504
0,0,0,0,0,0,0,0,2132
0,0,0,0,0,0,0,0,400
0,0,0,0,0,0,0,0,26000
0,0,0,0,0,0,0,0,535
0,0,0,0,0,0,0,0,27020
0,0,0,0,0,0,0,0,2106
0,0,0,0,0,0,0,0,38034
0,0,0,0,0,0,0,0,11538
0,0,0,0,0,0,0,0,998
0,0,0,0,0,0,0,0,838
0,0,0,0,0,0,0,0,2148
0,0,0,0,0,0,0,0,11856
0,0,0,0,0,0,0,0,33595
0,0,0,0,0,0,0,0,510500
0,0,0,0,0,0,0,0,57000
0,0,0,0,0,0,0,0,51000
0,0,0,0,0,0,0,0,28158
0,0,0,0,0,0,0,0,9760
0,0,0,0,0,0,0,0,1905
0,0,0,0,0,0,0,0,26000
0,0,0,0,0,0,0,0,3800
0,0,0,0,0,0,0,0,1292
0,0,0,0,0,0,0,0,4545810
0,0,0,0,0,0,0,0,3631
0,0,0,0,0,0,0,0,8785
0,0,0,0,0,0,0,0,6422
0,0,0,0,0,0,0,0,19645
0,0,0,0,0,0,0,0,24398
0,0,0,0,0,0,0,0,3600
0,0,0,0,0,0,0,0,14621
0,0,0,0,0,0,0,0,1157
0,0,0,0,0,0,0,0,22000
0,0,0,0,0,0,0,0,5268
0,0,0,0,0,0,0,0,11768
0,0,0,0,0,0,0,0,1228
0,0,0,0,0,0,0,0,406
0,0,0,0,0,0,0,0,5185
0,0,0,0,0,0,0,0,12300
0,0,0,0,0,0,0,0,620
0,0,0,0,0,0,0,0,1214
0,0,0,0,0,0,0,0,1362
0,0,0,0,0,0,0,0,13660
0,0,0,0,0,0,0,0,18000
0,0,0,0,0,0,0,0,13265
0,0,0,0,0,0,0,0,84290
0,0,0,0,0,0,0,0,20784
0,0,0,0,0,0,0,0,8547
0,0,0,0,0,0,0,0,2931
0,0,0,0,0,0,0,0,600
0,0,0,0,0,0,0,0,5129
0,0,0,0,0,0,0,0,4676
0,0,0,0,0,0,0,0,32881
0,0,0,0,0,0,0,0,4220
0,0,0,0,0,0,0,0,210
0,0,0,0,0,0,0,0,1215
0,0,0,0,0,0,0,0,15000
0,0,0,0,0,0,0,0,16590
0,0,0,0,0,0,0,0,56000
0,0,0,0,0,0,0,0,16305
0,0,0,0,0,0,0,0,22100
0,0,0,0,0,0,0,0,20
0,0,0,0,0,0,0,0,287668
0,0,0,0,0,0,0,0,290
0,0,0,0,0,0,0,0,71000
0,0,0,0,0,0,0,0,1672
0,0,0,0,0,0,0,0,8413
0,0,0,0,0,0,0,0,81548
0,0,0,0,0,0,0,0,341670
0,0,0,0,0,0,0,0,1285
0,0,0,0,0,0,0,0,35849
0,0,0,0,0,0,0,0,25000
0,0,0,0,0,0,0,0,15436
0,0,0,0,0,0,0,0,173
0,0,0,0,0,0,0,0,7661
0,0,0,0,0,0,0,0,7665
0,0,0,0,0,0,0,0,11318
0,0,0,0,0,0,0,0,2276
0,0,0,0,0,0,0,0,164200
0,0,0,0,0,0,0,0,196100
0,0,0,0,0,0,0,0,5113
0,0,0,0,0,0,0,0,71000
0,0,0,0,0,0,0,0,377
0,0,0,0,0,0,0,0,741477
0,0,0,0,0,0,0,0,21755
0,0,0,0,0,0,0,0,22000
0,0,0,0,0,0,0,0,2279
0,0,0,0,0,0,0,0,4304
0,0,0,0,0,0,0,0,7868
0,0,0,0,0,0,0,0,5
0,0,0,0,0,0,0,0,4240
0,0,0,0,0,0,0,0,2680
0,0,0,0,0,0,0,0,4575
0,0,0,0,0,0,0,0,14000
0,0,0,0,0,0,0,0,74000
0,0,0,0,0,0,0,0,27600
0,0,0,0,0,0,0,0,142
0,0,0,0,0,0,0,0,19493
0,0,0,0,0,0,0,0,1000
0,0,0,0,0,0,0,0,19200
0,0,0,0,0,0,0,0,83184
0,0,0,0,0,0,0,0,28500
0,0,0,0,0,0,0,0,1775
0,0,0,0,0,0,0,0,23069
0,0,0,0,0,0,0,0,876
0,0,0,0,0,0,0,0,13384
0,0,0,0,0,0,0,0,59008
0,0,0,0,0,0,0,0,543
0,0,0,0,0,0,0,0,10479
0,0,0,0,0,0,0,0,39919
0,0,0,0,0,0,0,0,2069
0,0,0,0,0,0,0,0,4002
0,0,0,0,0,0,0,0,24000
0,0,0,0,0,0,0,0,32515
0,0,0,0,0,0,0,0,12425
0,0,0,0,0,0,0,0,2558
0,0,0,0,0,0,0,0,1015
0,0,0,0,0,0,0,0,168172
0,0,0,0,0,0,0,0,36487
0,0,0,0,0,0,0,0,8420
0,0,0,0,0,0,0,0,2390
0,0,0,0,0,0,0,0,31069
0,0,0,0,0,0,0,0,3919
0,0,0,0,0,0,0,0,2624
0,0,0,0,0,0,0,0,538
0,0,0,0,0,0,0,0,15736
0,0,0,0,0,0,0,0,1201
0,0,0,0,0,0,0,0,7648
0,0,0,0,0,0,0,0,4993
0,0,0,0,0,0,0,0,3604
0,0,0,0,0,0,0,0,28500
0,0,0,0,0,0,0,0,25963
0,0,0,0,0,0,0,0,17514
0,0,0,0,0,0,0,0,3203
0,0,0,0,0,0,0,0,8741
0,0,0,0,0,0,0,0,120
0,0,0,0,0,0,0,0,10400
0,0,0,0,0,0,0,0,3436
0,0,0,0,0,0,0,0,6545
0,0,0,0,0,0,0,0,61070
0,0,0,0,0,0,0,0,40740
0,0,0,0,0,0,0,0,28500
0,0,0,0,0,0,0,0,16310
0,0,0,0,0,0,0,0,45000
0,0,0,0,0,0,0,0,5366
0,0,0,0,0,0,0,0,1480
0,0,0,0,0,0,0,0,393853
0,0,0,0,0,0,0,0,54704
0,0,0,0,0,0,0,0,14822
0,0,0,0,0,0,0,0,107573
0,0,0,0,0,0,0,0,4782
0,0,0,0,0,0,0,0,328394
0,0,0,0,0,0,0,0,27990
0,0,0,0,0,0,0,0,28300
0,0,0,0,0,0,0,0,8500
0,0,0,0,0,0,0,0,12155
0,0,0,0,0,0,0,0,133
0,0,0,0,0,0,0,0,30000
0,0,0,0,0,0,0,0,795
0,0,0,0,0,0,0,0,57140
0,0,0,0,0,0,0,0,28000
0,0,0,0,0,0,0,0,129800
0,0,0,0,0,0,0,0,345
0,0,0,0,0,0,0,0,51786
0,0,0,0,0,0,0,0,16497
0,0,0,0,0,0,0,0,46000
0,0,0,0,0,0,0,0,375
0,0,0,0,0,0,0,0,1072
0,0,0,0,0,0,0,0,154
0,0,0,0,0,0,0,0,525
0,0,0,0,0,0,0,0,13414
0,0,0,0,0,0,0,0,266104
0,0,0,0,0,0,0,0,13817
0,0,0,0,0,0,0,0,630
0,0,0,0,0,0,0,0,22640
0,0,0,0,0,0,0,0,56570
0,0,0,0,0,0,0,0,401
0,0,0,0,0,0,0,0,34707
0,0,0,0,0,0,0,0,28000
0,0,0,0,0,0,0,0,5088
0,0,0,0,0,0,0,0,28500
